feature,importance
m_wifi_m_wifi_row_rssi_sum_max_f5489163,38.0
m_ble_m_ble_row_rssi_min_mean_roll7_mean_399e9cd6,37.0
w_hr_hr_mean_max_7bf838d9,35.0
m_wifi_m_wifi_row_rssi_min_std_roll3_mean_9d0c1042,33.0
m_screen_m_screen_use_by_time_sum_night_roll7_mean_03aa980b,32.0
m_activity_m_activity_by_time_mean_morning_lag1_fa894b0e,31.0
m_light_m_light_by_time_mean_evening_roll7_mean_ec7749f3,30.0
m_screen_m_screen_use_count_roll7_mean_e4d2b571,29.0
w_hr_hr_sum_max_96f1f5cc,29.0
m_ambience_ambience_prob_sum_mean_lag1_0edfb442,28.0
w_hr_hr_sum_mean_30cd3a65,27.0
w_hr_hr_mean_min_0ca7a416,27.0
m_ac_m_charging_by_time_mean_morning_55eacdfc,27.0
m_usage_app_time_withings_cc246644_fc9e87d0,26.0
m_wifi_m_wifi_row_rssi_min_std_roll7_mean_02a9d82e,26.0
m_ble_m_ble_row_n_max_roll7_mean_5092ec20,25.0
m_usage_app_time_x_31d5a54c_31d5a54c_ce11c9cd,25.0
m_ble_m_ble_row_rssi_min_max_roll7_mean_efd915fa,25.0
w_hr_daily_mean_roll3_mean_1f514bd8,25.0
m_wifi_m_wifi_row_rssi_mean_std_roll7_mean_dd07b17d,25.0
m_ambience_ambience_top_prob_min_lag1_75956ca1,24.0
m_usage_app_time_x_918b33a3_918b33a3_roll7_mean_7e0208a2,24.0
m_usage_app_time_x_918b33a3_918b33a3_roll3_mean_fd6c6ee0,23.0
w_light_w_light_count_roll3_mean_dcf47f6f,23.0
m_usage_usage_max_time_max_5b548a0c,22.0
w_light_w_light_sum_roll3_mean_e3f6c03c,22.0
m_ble_m_ble_row_rssi_max_std_865a305b,21.0
m_gps_m_gps_row_altitude_std_max_eebd2c4c,21.0
m_screen_m_screen_use_by_time_mean_night_roll7_mean_7712c992,21.0
m_light_m_light_by_time_sum_evening_roll7_mean_b8fe6e78,21.0
m_activity_m_activity_by_time_sum_afternoon_lag1_3063dd21,21.0
w_light_w_light_by_time_sum_evening_280f5000,21.0
m_usage_app_time_naver_b6c7d707_0985fe5c,21.0
m_activity_m_activity_changes_roll7_mean_ee24dbe5,21.0
w_pedo_distance_max_7b71c058,20.0
m_usage_app_time_x_ede0afe7_ede0afe7_roll3_mean_93f78907,20.0
m_ble_m_ble_row_rssi_std_std_roll7_mean_0e08f166,20.0
w_light_w_light_by_time_mean_night_roll7_mean_8800522a,19.0
m_screen_m_screen_use_by_time_mean_night_4fa69cb6,19.0
m_gps_m_gps_row_altitude_mean_max_roll7_mean_05ce5716,19.0
m_light_m_light_by_time_mean_night_5dd6f094,19.0
m_ac_m_charging_by_time_sum_afternoon_293fb1c9,19.0
m_gps_m_gps_row_altitude_sum_mean_roll7_mean_218ce057,19.0
w_hr_hr_std_mean_4b1da1a4,18.0
m_wifi_m_wifi_row_rssi_mean_max_d07a4313,18.0
m_gps_m_gps_row_speed_mean_std_roll7_mean_f332e162,18.0
m_usage_app_time_x_f0f024d9_f0f024d9_roll3_mean_4f24d5b7,18.0
m_screen_m_screen_use_by_time_mean_night_roll3_mean_0ec5de94,18.0
m_gps_m_gps_row_n_sum_78e7fc63,18.0
m_activity_m_activity_by_time_sum_morning_lag1_c2c05e33,17.0
m_ble_m_ble_row_rssi_min_mean_lag1_88d1187b,17.0
m_activity_m_activity_by_time_sum_evening_roll3_mean_c281e7e8,17.0
m_ambience_ambience_entropy_min_roll7_mean_b0ce0c0d,17.0
w_hr_hr_std_max_roll3_mean_c902580c,17.0
m_activity_m_activity_by_time_sum_night_roll7_mean_b50f86c1,17.0
m_activity_m_activity_by_time_mean_morning_95a9878c,17.0
w_light_w_light_by_time_mean_afternoon_roll3_mean_450f569b,17.0
m_usage_app_time_x_f0f024d9_f0f024d9_1985b6ec,16.0
w_hr_hr_std_max_2c273c29,16.0
m_usage_app_time_x_960ebc65_960ebc65_roll3_mean_7ffdfd7d,16.0
m_activity_m_activity_by_time_mean_afternoon_6d7c2b57,16.0
m_ble_m_ble_row_rssi_std_mean_3fa0c961,16.0
m_light_m_light_max_roll7_mean_0db13b42,16.0
m_ble_m_ble_row_rssi_mean_min_lag1_1a0be562,16.0
m_usage_app_time_x_918b33a3_918b33a3_1af5b4ba,16.0
w_light_w_light_by_time_sum_morning_roll7_mean_5edcbf85,16.0
m_usage_app_time_google_play_eea79eac_d3c9e7e9,16.0
m_usage_app_time_x_ede0afe7_ede0afe7_roll7_mean_c19035d8,16.0
m_ble_m_ble_row_rssi_min_mean_roll3_mean_2e58b60d,16.0
m_usage_app_time_google_play_eea79eac_roll3_mean_15936686,16.0
m_usage_app_time_x_9c2fc95a_9c2fc95a_roll3_mean_d262bc19,16.0
m_usage_usage_events_mean_roll3_mean_686941b9,16.0
m_usage_app_time_x_f704fdcd_f704fdcd_roll7_mean_97a0dc7c,16.0
m_ble_m_ble_row_rssi_std_std_b5f0e7f7,15.0
w_light_w_light_by_time_mean_morning_roll7_mean_644ee88a,15.0
m_light_m_light_by_time_mean_evening_roll3_mean_11d48e61,15.0
w_pedo_step_by_time_mean_afternoon_dea36cdd,15.0
w_hr_hr_sum_mean_roll3_mean_a3b6f059,15.0
w_light_w_light_by_time_sum_morning_b83e3684,15.0
m_ac_m_charging_by_time_mean_afternoon_roll7_mean_3d26cb21,15.0
m_ambience_ambience_prob_sum_mean_roll3_mean_a3e95bb0,15.0
m_activity_m_activity_by_time_sum_morning_roll7_mean_79472e64,14.0
m_activity_m_activity_sum_lag1_db0512df,14.0
w_hr_hr_max_max_70d90103,14.0
m_usage_app_time_help_cnuh24_0b8fb29b_46c59e0a,14.0
w_hr_hr_sum_mean_roll7_mean_6f085cff,14.0
m_usage_app_time_x_f704fdcd_f704fdcd_52a0dc9d,14.0
w_hr_hr_mean_max_roll7_mean_ff7b90bf,14.0
m_gps_m_gps_row_latitude_std_min_roll7_mean_6eb1b6e1,14.0
w_light_w_light_by_time_mean_evening_c2e86829,14.0
m_light_m_light_by_time_mean_evening_b7722bee,14.0
m_usage_usage_events_sum_6d6cdcfb,14.0
m_light_m_light_by_time_mean_night_roll7_mean_83a7ea59,14.0
m_ambience_ambience_prob_sum_mean_roll7_mean_f2a84c2b,14.0
m_activity_m_activity_by_time_sum_afternoon_roll7_mean_8d798ba0,14.0
m_ambience_top_count_mains_hum_21c205ff_roll7_mean_0b8c14f2,14.0
subject_row_order_07d056a5,13.0
m_gps_m_gps_row_latitude_mean_std_roll7_mean_fa0d0d37,13.0
m_usage_usage_total_time_max_roll7_mean_2496c644,13.0
m_screen_m_screen_use_by_time_sum_morning_557974e8,13.0
m_usage_app_time_x_dbc38cac_dbc38cac_roll3_mean_b85d8bd0,13.0
m_gps_m_gps_row_speed_max_min_roll7_mean_b28361b1,13.0
m_usage_app_time_x_73816cb8_73816cb8_87462a01,13.0
w_pedo_distance_by_time_sum_afternoon_24890485,13.0
w_light_w_light_count_roll7_mean_dbadbed3,13.0
m_activity_m_activity_by_time_sum_morning_3c474ccf,13.0
m_gps_m_gps_row_n_mean_cb5ddff2,13.0
m_activity_m_activity_by_time_mean_evening_roll7_mean_54803313,13.0
w_hr_hr_min_min_roll7_mean_48b85887,13.0
w_pedo_distance_by_time_mean_afternoon_cbee5d65,13.0
m_usage_app_time_x_73816cb8_73816cb8_roll7_mean_34230dd3,13.0
w_light_w_light_mean_roll3_mean_0d525589,13.0
m_activity_m_activity_ratio_f_7_8f14e45f_fca65343,13.0
m_light_m_light_by_time_mean_morning_0f4e0bfa,12.0
m_gps_m_gps_row_altitude_min_min_6e46fcd3,12.0
m_ble_m_ble_row_rssi_mean_min_ce2b74d3,12.0
w_pedo_burned_calories_by_time_mean_morning_bdb7960f,12.0
m_usage_app_time_instagram_55f015a0_0eb6b478,12.0
m_gps_m_gps_row_latitude_std_max_roll7_mean_ef6a9f62,12.0
m_light_m_light_by_time_sum_morning_roll3_mean_13a6fdb9,12.0
m_ble_m_ble_row_rssi_sum_max_roll7_mean_f883b611,12.0
m_wifi_m_wifi_row_rssi_min_std_58ee3d41,12.0
m_wifi_m_wifi_row_rssi_max_std_4c8d301a,12.0
m_activity_m_activity_count_f_3_eccbc87e_roll7_mean_ac94915b,12.0
m_usage_app_time_withings_cc246644_roll3_mean_26ca8300,12.0
m_activity_m_activity_count_f_8_c9f0f895_roll7_mean_a17b4bc3,12.0
w_light_w_light_by_time_sum_night_c243a774,12.0
w_light_w_light_by_time_sum_afternoon_roll3_mean_5a8804cb,12.0
m_ble_m_ble_row_rssi_mean_std_lag1_a4feb9bc,12.0
m_ac_m_charging_by_time_sum_morning_fe92efe9,12.0
w_hr_hr_max_mean_roll3_mean_da9b3a0c,11.0
w_hr_hr_max_max_roll7_mean_f9a29b4f,11.0
w_pedo_burned_calories_by_time_sum_morning_43147d57,11.0
m_wifi_m_wifi_row_rssi_mean_std_b1da1683,11.0
m_gps_m_gps_row_speed_std_mean_roll3_mean_1debc503,11.0
m_wifi_m_wifi_row_rssi_max_min_roll3_mean_8ec8af83,11.0
w_hr_hr_median_std_1da1bc15,11.0
w_pedo_burned_calories_std_d3d2004b,11.0
m_ble_m_ble_row_rssi_mean_max_roll7_mean_88b25d26,11.0
w_light_w_light_count_5db5e1ef,11.0
w_light_w_light_mean_44a3c72b,11.0
m_activity_m_activity_by_time_mean_night_roll7_mean_a604fda1,11.0
w_light_w_light_by_time_mean_morning_4374e742,11.0
m_ble_m_ble_row_rssi_mean_max_roll3_mean_e2cdc369,11.0
w_hr_hr_max_max_roll3_mean_89fd2523,11.0
m_gps_m_gps_row_speed_sum_max_roll7_mean_ec66a5cc,11.0
m_wifi_m_wifi_row_rssi_std_std_roll3_mean_c3f73df0,11.0
m_usage_app_time_x_dbc38cac_dbc38cac_81dd936e,11.0
m_activity_m_activity_count_f_7_8f14e45f_roll7_mean_acde366e,11.0
m_ble_m_ble_row_rssi_std_max_dc524816,11.0
m_ac_m_charging_by_time_mean_afternoon_4590f1d1,11.0
m_usage_app_time_samsung_wallet_15ecd9b2_roll3_mean_6014d051,11.0
m_screen_m_screen_use_by_time_mean_evening_e8126ade,11.0
m_usage_app_time_google_play_eea79eac_roll7_mean_d51ee8f1,11.0
w_hr_hr_mean_mean_3a459fc2,11.0
m_usage_usage_max_time_mean_aa64c09a,11.0
m_ble_m_ble_row_n_max_lag1_4ae86369,11.0
m_usage_usage_total_time_max_14c7d0b7,11.0
m_light_m_light_by_time_sum_night_0050fa3c,11.0
m_gps_m_gps_row_longitude_sum_max_roll7_mean_5bf6fb61,11.0
w_pedo_step_count_825750cd,10.0
m_ble_m_ble_row_rssi_max_mean_roll7_mean_3524dd8b,10.0
w_hr_hr_mean_min_roll7_mean_b45c993b,10.0
w_light_w_light_by_time_mean_evening_roll3_mean_199780df,10.0
m_screen_m_screen_use_by_time_sum_night_e74c2155,10.0
m_activity_m_activity_by_time_mean_morning_roll3_mean_f5ad4e87,10.0
m_usage_app_time_x_960ebc65_960ebc65_366ac55d,10.0
m_usage_app_time_x_16a8cbbd_16a8cbbd_roll7_mean_827bbda4,10.0
w_light_w_light_by_time_mean_morning_roll3_mean_c65c2504,10.0
m_ac_m_charging_by_time_mean_morning_roll7_mean_81f73cf9,10.0
m_activity_m_activity_by_time_sum_afternoon_9cb88504,10.0
m_ac_m_charging_std_df0f2c9d,10.0
w_light_w_light_by_time_sum_morning_roll3_mean_7b1234ce,10.0
m_ambience_top_count_silence_880a7ef2_lag1_84065d4f,10.0
w_light_w_light_by_time_sum_night_roll3_mean_c43d2501,10.0
m_ac_m_charging_count_roll7_mean_b8fd95a0,10.0
m_ble_m_ble_row_n_sum_lag1_d854ac91,10.0
m_ble_m_ble_row_n_mean_lag1_bab1ec34,10.0
m_ac_m_charging_sum_f4f4a5b4,10.0
subject_days_since_first_8f29ea17,10.0
m_gps_m_gps_row_altitude_sum_max_roll7_mean_94b3e9fd,10.0
m_activity_m_activity_ratio_f_8_c9f0f895_roll7_mean_acb1bb2e,10.0
w_hr_hr_std_max_roll7_mean_730f7704,10.0
m_wifi_m_wifi_row_rssi_min_max_c30d368d,10.0
m_activity_m_activity_ratio_f_1_c4ca4238_lag1_85b88832,10.0
m_wifi_m_wifi_row_rssi_std_min_roll3_mean_3f78365b,10.0
m_screen_m_screen_use_by_time_sum_afternoon_roll7_mean_036a9cad,10.0
w_light_w_light_by_time_sum_afternoon_roll7_mean_57f0240e,10.0
m_usage_app_time_x_6ab9a8a0_6ab9a8a0_roll3_mean_0ba3830a,10.0
m_wifi_m_wifi_row_rssi_std_max_roll3_mean_78a0b700,10.0
w_hr_hr_max_mean_e37103a2,10.0
m_activity_m_activity_by_time_mean_afternoon_lag1_2ea939e5,10.0
w_hr_hr_sum_sum_9846e4a5,10.0
w_light_w_light_by_time_mean_afternoon_roll7_mean_2d7cc655,10.0
m_gps_m_gps_row_n_sum_roll3_mean_0001b6c0,10.0
w_hr_hr_mean_max_roll3_mean_352f366a,10.0
m_gps_m_gps_row_n_mean_roll3_mean_ad26057c,10.0
m_ble_m_ble_row_rssi_min_std_roll7_mean_c661e904,10.0
m_ambience_ambience_prob_sum_mean_0ad82062,10.0
m_ac_m_charging_by_time_mean_morning_lag1_1e14cd1f,9.0
w_pedo_burned_calories_max_8b2cfed1,9.0
m_usage_usage_max_time_max_roll3_mean_bba77aae,9.0
m_activity_m_activity_by_time_mean_evening_roll3_mean_980e15ca,9.0
m_activity_m_activity_std_roll7_mean_1cda361a,9.0
w_hr_hr_mean_std_e3649aa5,9.0
w_hr_hr_n_sum_c228978e,9.0
w_hr_hr_n_mean_a07e095c,9.0
m_usage_app_time_x_f704fdcd_f704fdcd_roll3_mean_2e516042,9.0
m_ble_m_ble_row_rssi_mean_mean_lag1_759811a5,9.0
m_ble_m_ble_row_rssi_std_min_lag1_37eae53e,9.0
m_ac_m_charging_by_time_sum_night_roll7_mean_563e9950,9.0
m_ac_m_charging_mean_77f1a38b,9.0
m_wifi_m_wifi_row_rssi_mean_std_roll3_mean_044ac2bc,9.0
m_screen_m_screen_use_count_roll3_mean_4eeca431,9.0
m_screen_m_screen_use_std_roll3_mean_bcb78a6b,9.0
m_ac_m_charging_by_time_mean_morning_roll3_mean_aa3dcc5c,9.0
m_ble_m_ble_row_rssi_sum_max_roll3_mean_50daf74c,9.0
m_gps_m_gps_row_latitude_std_std_roll7_mean_8e5f9a3b,9.0
m_usage_app_time_x_dbc38cac_dbc38cac_roll7_mean_d6f26e00,9.0
m_gps_m_gps_row_altitude_max_min_roll3_mean_bedec83e,9.0
m_ble_m_ble_row_rssi_max_min_roll7_mean_e3954de0,9.0
m_gps_m_gps_row_altitude_std_std_d6ff1f24,9.0
m_ble_m_ble_row_rssi_mean_min_roll7_mean_7cd1a927,9.0
m_gps_m_gps_row_altitude_sum_sum_bed3b381,9.0
w_light_w_light_max_roll3_mean_d27460d6,9.0
m_activity_m_activity_count_f_7_8f14e45f_7113ff94,9.0
m_activity_m_activity_ratio_f_0_cfcd2084_5e9f36d0,9.0
m_activity_m_activity_by_time_mean_evening_19f9692b,9.0
m_gps_m_gps_row_speed_min_mean_roll3_mean_f045ebd1,9.0
m_gps_m_gps_row_speed_max_mean_roll3_mean_54007fdf,9.0
m_screen_m_screen_use_by_time_sum_afternoon_4fe7607d,9.0
m_gps_m_gps_row_speed_min_std_roll7_mean_58a7595b,9.0
m_gps_m_gps_row_altitude_max_mean_roll7_mean_30e76907,9.0
m_gps_m_gps_row_altitude_max_max_roll7_mean_f21c35d0,9.0
m_usage_app_time_x_eb0f03ac_eb0f03ac_roll7_mean_b8418621,9.0
m_usage_app_time_withings_cc246644_roll7_mean_87f17535,8.0
m_activity_m_activity_std_roll3_mean_3b707422,8.0
m_screen_m_screen_use_by_time_mean_morning_roll7_mean_39172967,8.0
m_wifi_m_wifi_row_rssi_mean_min_eeb257ce,8.0
m_usage_usage_events_mean_763e5314,8.0
m_screen_m_screen_use_by_time_sum_morning_roll7_mean_5e96edbc,8.0
m_usage_usage_total_time_mean_dd0d2a3b,8.0
m_usage_usage_max_time_max_roll7_mean_96fc7c11,8.0
m_light_m_light_by_time_mean_morning_roll7_mean_075c5936,8.0
m_ac_m_charging_by_time_mean_evening_roll3_mean_72d2966b,8.0
m_usage_usage_max_time_mean_roll7_mean_1676d43a,8.0
m_gps_m_gps_row_speed_min_max_roll7_mean_175cc56e,8.0
w_pedo_burned_calories_by_time_sum_afternoon_1605b82e,8.0
m_activity_m_activity_mean_roll7_mean_ca71c248,8.0
m_usage_app_time_x_9c2fc95a_9c2fc95a_roll7_mean_0ae6eaf3,8.0
m_screen_m_screen_use_by_time_mean_morning_b16c24b4,8.0
m_activity_m_activity_by_time_mean_night_lag1_da9409cc,8.0
m_ble_m_ble_row_rssi_min_std_roll3_mean_f110aeae,8.0
m_gps_m_gps_row_altitude_std_std_roll3_mean_9c51daa1,8.0
w_light_w_light_std_roll7_mean_f34dfa97,8.0
m_ble_m_ble_row_rssi_std_max_roll7_mean_03a03dd5,8.0
m_ble_m_ble_row_rssi_mean_std_roll7_mean_4c5f8677,8.0
m_light_m_light_max_roll3_mean_1ffd29a3,8.0
m_wifi_m_wifi_row_rssi_min_max_roll7_mean_d96cc6fc,8.0
m_usage_usage_events_sum_roll3_mean_50b9db73,8.0
m_ac_m_charging_by_time_mean_night_lag1_43c59082,8.0
m_ac_m_charging_changes_lag1_4ffd4468,8.0
m_activity_m_activity_mean_lag1_b74ff990,8.0
m_usage_app_time_x_31d5a54c_31d5a54c_roll3_mean_b922b254,8.0
m_activity_m_activity_by_time_mean_evening_lag1_7365e9e3,8.0
m_activity_m_activity_changes_lag1_32ec63b3,8.0
w_hr_hr_sum_sum_roll7_mean_1cfdfe6e,8.0
m_activity_m_activity_ratio_f_7_8f14e45f_lag1_ccd1fa9a,8.0
m_ambience_ambience_prob_sum_sum_lag1_0ba6aebe,8.0
m_wifi_m_wifi_row_rssi_sum_max_roll3_mean_9143f972,8.0
m_ambience_ambience_entropy_std_da8971cf,8.0
m_activity_m_activity_ratio_f_3_eccbc87e_77774b3a,8.0
m_activity_m_activity_count_f_3_eccbc87e_0313a42d,8.0
m_activity_m_activity_by_time_mean_afternoon_roll7_mean_4fabef92,8.0
m_activity_m_activity_min_roll7_mean_1dedf469,8.0
m_ac_m_charging_by_time_sum_night_2ff39ad5,8.0
m_ac_m_charging_by_time_mean_evening_733a593c,8.0
m_ble_m_ble_row_rssi_mean_max_lag1_2ec5b9d6,8.0
m_ble_m_ble_row_rssi_std_mean_lag1_18d241ba,8.0
m_ble_m_ble_row_rssi_std_max_lag1_6a9c5015,8.0
m_gps_m_gps_row_longitude_sum_sum_2e18b164,8.0
m_light_m_light_median_roll3_mean_38e39389,8.0
m_gps_m_gps_row_longitude_mean_std_roll7_mean_8354a8d0,8.0
m_ambience_ambience_top_prob_mean_roll3_mean_2c717d53,8.0
m_gps_m_gps_row_latitude_max_std_roll7_mean_3faac426,8.0
m_light_m_light_by_time_mean_afternoon_9a872ce1,8.0
m_gps_m_gps_row_longitude_std_min_roll7_mean_d7a66f86,8.0
m_ambience_ambience_entropy_max_roll3_mean_13ca82a8,8.0
m_ambience_ambience_prob_sum_max_roll3_mean_53de1ece,7.0
m_wifi_m_wifi_row_rssi_std_std_roll7_mean_c83e55c6,7.0
m_wifi_m_wifi_row_rssi_std_min_roll7_mean_dce68606,7.0
m_wifi_m_wifi_row_rssi_max_min_roll7_mean_9f7e121b,7.0
m_ambience_ambience_entropy_max_lag1_53c1506e,7.0
m_usage_app_time_youtube_8dd1bae8_roll3_mean_d7ced601,7.0
m_ac_m_charging_by_time_mean_afternoon_roll3_mean_acff5e3f,7.0
m_activity_m_activity_count_f_0_cfcd2084_lag1_dfc92ce1,7.0
m_usage_app_time_x_f0f024d9_f0f024d9_roll7_mean_5b0e498d,7.0
m_ambience_ambience_n_sum_roll3_mean_f43ca366,7.0
m_activity_m_activity_by_time_sum_evening_roll7_mean_2eccf658,7.0
w_pedo_burned_calories_sum_6c4ba887,7.0
m_wifi_m_wifi_row_rssi_sum_sum_76aa122d,7.0
m_wifi_m_wifi_row_rssi_max_std_roll3_mean_7556b78b,7.0
m_ambience_ambience_prob_sum_sum_roll3_mean_4de39adb,7.0
m_activity_m_activity_ratio_f_3_eccbc87e_roll7_mean_9222ea21,7.0
m_wifi_m_wifi_row_rssi_max_min_bf10b832,7.0
w_hr_daily_mean_97ad944b,7.0
m_usage_app_time_one_ui_f0679540_roll7_mean_3f595bbe,7.0
m_ac_m_charging_by_time_sum_afternoon_roll7_mean_d44a5f7b,7.0
m_activity_m_activity_mean_roll3_mean_34b33cd5,7.0
life_dayofyear_sin_9a234d58,7.0
w_pedo_step_std_02981646,7.0
m_ac_m_charging_by_time_mean_night_roll7_mean_3d55dbab,7.0
m_screen_m_screen_use_count_01ec27bc,7.0
m_ac_m_charging_changes_85cb6824,7.0
m_ac_m_charging_by_time_sum_morning_roll3_mean_ba0089da,7.0
w_light_w_light_by_time_mean_night_910d603b,7.0
w_light_w_light_by_time_mean_afternoon_1ca0ff62,7.0
w_hr_hr_min_mean_roll3_mean_3e976d33,7.0
w_light_w_light_max_dbf70195,7.0
w_hr_hr_sum_max_roll3_mean_ba1a84ad,7.0
m_wifi_bssid_nunique_roll3_mean_8f7eb827,7.0
m_usage_app_time_chrome_986c3748_roll3_mean_c9fb6355,7.0
m_activity_m_activity_count_roll7_mean_df4945bc,7.0
m_usage_app_time_x_6ab9a8a0_6ab9a8a0_roll7_mean_08447280,7.0
m_light_m_light_sum_roll3_mean_722dfecb,7.0
m_usage_app_time_help_cnuh24_0b8fb29b_roll7_mean_cc76c192,7.0
w_hr_hr_min_mean_roll7_mean_d7149f27,7.0
w_hr_hr_median_std_roll7_mean_cd6c9ba6,7.0
m_usage_app_time_x_6ab9a8a0_6ab9a8a0_3f868afc,7.0
w_light_w_light_mean_roll7_mean_af44326e,7.0
m_light_m_light_std_roll7_mean_3b8d5293,7.0
m_gps_m_gps_row_speed_std_max_roll3_mean_dd5d75a4,7.0
m_wifi_bssid_nunique_roll7_mean_14b5d197,7.0
m_gps_m_gps_row_speed_mean_max_roll7_mean_91917d6b,7.0
m_gps_m_gps_row_speed_std_std_ac72ac7f,7.0
m_ble_m_ble_row_rssi_max_mean_bc37d070,7.0
m_light_m_light_by_time_mean_night_roll3_mean_4def9a3b,7.0
m_gps_m_gps_row_longitude_sum_mean_roll7_mean_a7cf395a,7.0
m_wifi_m_wifi_row_rssi_std_max_6c39c9ae,7.0
m_gps_m_gps_row_altitude_min_std_roll7_mean_d0d1670f,7.0
w_hr_hr_n_mean_roll7_mean_60fee0e3,7.0
m_gps_m_gps_row_altitude_std_mean_roll7_mean_d55ccf70,6.0
m_activity_m_activity_by_time_sum_afternoon_roll3_mean_cc23788c,6.0
m_activity_m_activity_count_f_3_eccbc87e_roll3_mean_df7d318a,6.0
m_usage_app_time_samsung_wallet_15ecd9b2_roll7_mean_ada9d853,6.0
m_ble_m_ble_row_rssi_mean_mean_roll3_mean_471c25b6,6.0
m_ble_m_ble_row_n_sum_roll3_mean_cbd902c5,6.0
m_activity_m_activity_count_f_0_cfcd2084_roll3_mean_95d91a4d,6.0
m_activity_m_activity_by_time_sum_night_roll3_mean_2f97d461,6.0
w_pedo_distance_by_time_mean_evening_528bc3ae,6.0
m_ac_m_charging_changes_roll3_mean_7a2c9f52,6.0
m_gps_m_gps_row_n_mean_roll7_mean_ada18dc5,6.0
m_gps_m_gps_row_altitude_std_max_roll7_mean_3a3f02e7,6.0
w_light_w_light_std_roll3_mean_2c60bb95,6.0
m_ambience_ambience_prob_sum_sum_roll7_mean_36d3e3f3,6.0
m_activity_m_activity_count_f_7_8f14e45f_roll3_mean_6e8aad29,6.0
w_hr_hr_mean_std_roll3_mean_e0437be9,6.0
m_activity_m_activity_ratio_f_4_a87ff679_roll7_mean_5285dd31,6.0
w_pedo_step_by_time_sum_afternoon_97d42521,6.0
m_screen_m_screen_use_by_time_mean_morning_roll3_mean_66e60c5c,6.0
m_activity_m_activity_count_f_4_a87ff679_roll7_mean_1e8e2340,6.0
m_light_m_light_by_time_sum_evening_roll3_mean_74c3197e,6.0
m_ac_m_charging_sum_roll3_mean_5858c4c3,6.0
m_gps_m_gps_row_longitude_std_std_roll7_mean_d904a958,6.0
m_light_m_light_count_roll3_mean_b9a789fb,6.0
m_usage_app_time_x_73816cb8_73816cb8_roll3_mean_092490fd,6.0
m_wifi_m_wifi_row_n_sum_roll3_mean_d415b69e,6.0
m_ambience_ambience_entropy_std_roll3_mean_058a0b04,6.0
m_gps_m_gps_row_altitude_min_min_roll3_mean_eedd13d0,6.0
m_light_m_light_count_roll7_mean_3b4d3270,6.0
m_ac_m_charging_by_time_mean_night_roll3_mean_774ea83a,6.0
m_usage_usage_total_time_mean_roll3_mean_b5044a95,6.0
m_gps_m_gps_row_altitude_min_max_roll7_mean_239e7e63,6.0
life_dayofweek_91f0d0b3,6.0
m_wifi_m_wifi_row_rssi_mean_mean_roll7_mean_3b9211dc,6.0
m_gps_m_gps_row_longitude_mean_max_7b49580d,6.0
m_ambience_ambience_entropy_max_ddf7fb01,6.0
m_gps_m_gps_row_altitude_min_std_6b07df2a,6.0
m_activity_m_activity_std_lag1_309d5b62,6.0
m_ambience_ambience_entropy_min_094933b1,6.0
w_hr_hr_mean_std_roll7_mean_438087b8,6.0
m_gps_m_gps_row_altitude_mean_max_bab0a974,6.0
m_gps_m_gps_row_altitude_mean_std_e145da99,6.0
w_hr_hr_mean_mean_roll7_mean_97a9b433,6.0
m_activity_m_activity_sum_ebfe5b23,6.0
m_ambience_ambience_entropy_mean_e85f908c,6.0
w_hr_hr_sum_max_roll7_mean_0d513b0e,6.0
m_ble_m_ble_row_rssi_max_min_fbe95c84,6.0
m_ac_m_charging_by_time_sum_afternoon_lag1_1cd4bddb,6.0
m_wifi_m_wifi_row_rssi_mean_min_roll7_mean_7866747a,6.0
m_light_m_light_mean_b70e206c,6.0
m_wifi_m_wifi_row_rssi_max_max_roll7_mean_a6a8097c,6.0
m_gps_m_gps_row_speed_max_mean_c40fe5e3,6.0
m_ble_m_ble_row_n_max_2dd31d25,6.0
m_wifi_m_wifi_row_rssi_std_mean_13f120f4,6.0
m_ambience_ambience_entropy_std_lag1_66153749,6.0
m_gps_m_gps_row_altitude_std_mean_f6c62fa8,6.0
m_gps_m_gps_row_altitude_min_max_6c38152a,6.0
m_ambience_ambience_entropy_mean_lag1_4c96e8b8,6.0
m_wifi_m_wifi_row_rssi_std_mean_roll7_mean_b56cf349,6.0
m_usage_app_time_x_8590d84b_8590d84b_roll7_mean_13d85480,6.0
m_activity_m_activity_ratio_f_3_eccbc87e_lag1_53716d93,6.0
w_pedo_step_sum_04d0fc7e,6.0
w_hr_hr_max_mean_roll7_mean_5ccc5b59,6.0
w_pedo_step_max_777d9a91,6.0
w_light_w_light_by_time_mean_evening_roll7_mean_a0c8ab24,6.0
m_gps_m_gps_row_speed_max_max_012ebf79,6.0
m_activity_m_activity_count_f_3_eccbc87e_lag1_bb3e5781,6.0
w_light_w_light_sum_65b58d82,6.0
m_screen_m_screen_use_by_time_sum_evening_62ede15e,6.0
m_usage_app_time_x_9c2fc95a_9c2fc95a_240ff917,6.0
m_screen_m_screen_use_changes_80dc624b,6.0
m_activity_m_activity_count_f_1_c4ca4238_roll7_mean_5d0b5af9,5.0
m_ac_m_charging_count_roll3_mean_58be3ade,5.0
m_ac_m_charging_sum_lag1_0555e711,5.0
m_wifi_m_wifi_row_rssi_mean_max_roll3_mean_b226e78b,5.0
m_ambience_ambience_top_prob_std_roll3_mean_35fc3275,5.0
m_wifi_m_wifi_row_rssi_std_max_roll7_mean_c471ec4f,5.0
m_light_m_light_std_f7a0b6fe,5.0
m_light_m_light_max_b7885f6b,5.0
m_ac_m_charging_by_time_mean_afternoon_lag1_29cdd5f4,5.0
m_light_m_light_sum_cfdbf07f,5.0
m_ac_m_charging_by_time_sum_afternoon_roll3_mean_fcf67753,5.0
m_usage_app_time_help_cnuh24_0b8fb29b_roll3_mean_4146601c,5.0
m_light_m_light_by_time_sum_evening_b6e7867c,5.0
m_activity_m_activity_count_f_1_c4ca4238_lag1_169023e5,5.0
m_activity_m_activity_by_time_mean_night_roll3_mean_710d4d64,5.0
m_usage_app_time_x_eb0f03ac_eb0f03ac_roll3_mean_a9ca7579,5.0
m_ac_m_charging_by_time_sum_evening_roll3_mean_34ae28ab,5.0
m_activity_m_activity_count_f_7_8f14e45f_lag1_ea653529,5.0
m_gps_m_gps_row_speed_sum_sum_8eaa63dc,5.0
m_activity_m_activity_count_lag1_433ee187,5.0
m_screen_m_screen_use_by_time_mean_evening_roll7_mean_9c2410d9,5.0
m_usage_app_time_instagram_55f015a0_roll3_mean_b1fd4eea,5.0
m_gps_m_gps_row_altitude_mean_max_roll3_mean_27509baf,5.0
m_ambience_top_count_animal_161e7ce7_roll7_mean_7db6278c,5.0
m_ble_m_ble_row_rssi_min_max_roll3_mean_19467c4c,5.0
m_gps_m_gps_row_speed_min_max_roll3_mean_0e7b3a52,5.0
m_ble_m_ble_row_rssi_max_std_roll3_mean_0da121fe,5.0
m_gps_m_gps_row_speed_min_std_roll3_mean_951d5ca0,5.0
m_ble_m_ble_row_rssi_max_max_roll3_mean_74e69ca7,5.0
m_gps_m_gps_row_altitude_std_mean_roll3_mean_4bf5d84f,5.0
m_ble_m_ble_row_rssi_mean_min_roll3_mean_25df48f1,5.0
m_gps_m_gps_row_altitude_std_max_roll3_mean_079c8729,5.0
m_gps_m_gps_row_longitude_std_std_roll3_mean_328edd63,5.0
m_gps_m_gps_row_latitude_std_mean_6773a415,5.0
m_gps_m_gps_row_altitude_min_max_roll3_mean_8a281c37,5.0
w_light_w_light_sum_roll7_mean_b5c713bc,5.0
m_gps_m_gps_row_altitude_sum_max_roll3_mean_0ef7f403,5.0
m_ble_m_ble_row_rssi_std_std_roll3_mean_7e514c45,5.0
m_light_m_light_std_roll3_mean_c22211bd,5.0
m_gps_m_gps_row_latitude_min_std_roll7_mean_0a064ad7,5.0
m_screen_m_screen_use_by_time_sum_afternoon_roll3_mean_08443539,5.0
m_usage_usage_total_time_max_roll3_mean_9312cbd6,5.0
m_wifi_m_wifi_row_rssi_sum_max_roll7_mean_45e6ca10,5.0
m_gps_m_gps_row_speed_min_std_bee98763,5.0
m_ble_m_ble_row_rssi_min_mean_e621cf92,5.0
m_gps_m_gps_row_altitude_sum_sum_roll7_mean_fff489be,5.0
m_screen_m_screen_use_by_time_sum_night_roll3_mean_f51b9175,5.0
m_gps_m_gps_row_altitude_std_std_roll7_mean_586cd19f,5.0
m_ble_m_ble_row_n_mean_roll3_mean_de98073a,5.0
w_light_w_light_by_time_sum_night_roll7_mean_da584263,5.0
m_light_m_light_by_time_sum_night_roll3_mean_34b91438,5.0
w_light_w_light_by_time_sum_evening_roll7_mean_4a1a8ac1,5.0
m_gps_m_gps_row_n_max_roll7_mean_51c4fa11,5.0
m_light_m_light_by_time_mean_morning_roll3_mean_d681db87,5.0
m_ble_m_ble_row_rssi_max_std_roll7_mean_917d3195,5.0
m_gps_m_gps_row_speed_std_max_5facc85b,5.0
m_gps_m_gps_row_latitude_std_mean_roll3_mean_6c29c16e,5.0
m_wifi_m_wifi_row_n_max_2f5d4db2,5.0
m_light_m_light_median_roll7_mean_c781eff2,5.0
m_usage_app_time_x_31d5a54c_31d5a54c_roll7_mean_ad4940c3,5.0
w_hr_hr_std_mean_roll3_mean_52982d69,5.0
w_hr_hr_n_sum_roll3_mean_af68e3bd,5.0
w_pedo_distance_std_75d0f0e4,5.0
m_usage_usage_total_time_sum_roll7_mean_739efcc0,5.0
m_usage_app_time_x_960ebc65_960ebc65_roll7_mean_8d1c5111,5.0
m_usage_usage_events_sum_roll7_mean_69427275,5.0
m_usage_app_time_ui_9a64d537_c71a79d1,5.0
m_ac_m_charging_by_time_sum_evening_58d18550,5.0
w_light_w_light_by_time_sum_evening_roll3_mean_795c184a,5.0
w_pedo_step_count_roll3_mean_45de5801,5.0
w_light_w_light_median_327bc44d,5.0
w_pedo_speed_max_e12fbc95,5.0
m_gps_m_gps_row_speed_sum_sum_roll7_mean_eea8e9bb,5.0
m_gps_m_gps_row_speed_sum_mean_roll7_mean_cab70dfa,5.0
w_hr_hr_mean_mean_roll3_mean_69dd6770,5.0
m_wifi_m_wifi_row_rssi_sum_sum_roll3_mean_0f812854,5.0
w_hr_hr_min_mean_40152ff0,5.0
m_wifi_m_wifi_row_rssi_max_mean_daf19768,5.0
m_ac_m_charging_by_time_mean_evening_roll7_mean_033250da,5.0
m_gps_m_gps_row_speed_min_mean_roll7_mean_4d2276fd,5.0
w_pedo_burned_calories_by_time_mean_afternoon_7e7122a7,5.0
m_activity_m_activity_by_time_sum_evening_63ec331c,5.0
m_usage_app_time_instagram_55f015a0_roll7_mean_cb74c1b2,5.0
m_wifi_m_wifi_row_rssi_min_max_roll3_mean_6a57bcd6,5.0
m_ambience_ambience_top_prob_std_lag1_643e1896,5.0
m_wifi_m_wifi_row_rssi_min_mean_808c275e,5.0
m_ac_m_charging_by_time_mean_night_5a8b2fa6,5.0
m_light_m_light_by_time_mean_afternoon_roll3_mean_b7fc7c93,4.0
m_wifi_m_wifi_row_rssi_std_mean_roll3_mean_cab48eff,4.0
m_ambience_top_count_outside_rural_or_natural_f1b10811_lag1_8a231d7e,4.0
m_ambience_ambience_prob_sum_max_roll7_mean_c5768318,4.0
m_gps_m_gps_row_n_sum_roll7_mean_65b55ec6,4.0
m_gps_m_gps_row_speed_mean_std_b58612a0,4.0
w_light_w_light_by_time_mean_night_roll3_mean_6866aa4a,4.0
w_pedo_step_by_time_mean_evening_d7da3690,4.0
w_pedo_step_by_time_mean_morning_b09dc8c5,4.0
m_gps_m_gps_row_altitude_min_mean_roll7_mean_8af346e1,4.0
w_pedo_step_by_time_sum_morning_76099d2e,4.0
m_ble_m_ble_row_rssi_sum_max_65f89940,4.0
w_pedo_step_by_time_sum_evening_4b35a80f,4.0
m_ambience_ambience_n_sum_lag1_510f5017,4.0
m_screen_m_screen_use_changes_roll7_mean_0a542ed4,4.0
w_hr_hr_median_mean_06141e2c,4.0
m_gps_m_gps_row_altitude_max_max_d8be4503,4.0
m_usage_app_time_youtube_music_f0366942_roll7_mean_7f248da3,4.0
life_dayofyear_2fe96fa9,4.0
m_gps_m_gps_row_longitude_std_mean_roll3_mean_f9e28c0c,4.0
m_usage_app_time_naver_b6c7d707_roll7_mean_f445d735,4.0
m_gps_m_gps_row_longitude_max_std_roll3_mean_a178286e,4.0
m_gps_m_gps_row_longitude_sum_sum_roll3_mean_98bf7110,4.0
m_gps_m_gps_row_altitude_mean_mean_roll3_mean_673a20fb,4.0
w_hr_daily_mean_roll7_mean_8e1acae8,4.0
m_usage_usage_unique_apps_sum_roll7_mean_96e10703,4.0
m_gps_m_gps_row_speed_mean_max_roll3_mean_58d05d34,4.0
m_ble_m_ble_row_rssi_sum_sum_roll3_mean_196ddf69,4.0
w_pedo_burned_calories_mean_01f722c0,4.0
w_light_w_light_by_time_sum_afternoon_083a8ac9,4.0
m_usage_usage_total_time_mean_roll7_mean_010f1fcc,4.0
w_pedo_distance_sum_46a55f33,4.0
m_ble_m_ble_row_rssi_std_max_roll3_mean_29450bcd,4.0
m_usage_usage_events_mean_roll7_mean_47405c48,4.0
m_gps_m_gps_row_speed_max_max_roll3_mean_cf2d06ad,4.0
w_hr_hr_std_mean_roll7_mean_b5d8f2ba,4.0
m_usage_usage_max_time_mean_roll3_mean_debca294,4.0
m_gps_m_gps_row_speed_sum_max_roll3_mean_7dffd40d,4.0
m_activity_m_activity_std_fd39a93e,4.0
w_light_w_light_median_roll3_mean_cbf114ff,4.0
m_activity_m_activity_changes_3d6531d4,4.0
w_hr_hr_median_std_roll3_mean_d61659d7,4.0
m_activity_m_activity_by_time_sum_evening_lag1_26fb8ecf,4.0
m_light_m_light_median_3a18d0c1,4.0
m_gps_m_gps_row_longitude_std_max_roll7_mean_2508273f,4.0
m_ambience_ambience_top_prob_min_726f96a8,4.0
m_ac_m_charging_by_time_sum_morning_lag1_6f0d06b3,4.0
m_light_m_light_by_time_sum_afternoon_d9a47e1d,4.0
m_gps_m_gps_row_longitude_min_std_roll7_mean_ea571b54,4.0
m_activity_m_activity_by_time_sum_morning_roll3_mean_73358508,4.0
m_wifi_m_wifi_row_rssi_max_mean_roll7_mean_c7ec8be0,4.0
w_pedo_distance_by_time_mean_morning_6dba489d,4.0
m_screen_m_screen_use_by_time_mean_afternoon_9da7fd30,4.0
m_gps_m_gps_row_speed_max_std_roll7_mean_32bbc649,4.0
m_activity_m_activity_ratio_f_1_c4ca4238_roll7_mean_cae04177,4.0
m_usage_app_time_x_8590d84b_8590d84b_5f4f2830,4.0
m_gps_m_gps_row_speed_std_max_roll7_mean_79851693,4.0
m_usage_usage_total_time_sum_697fa1d7,4.0
m_activity_m_activity_ratio_f_0_cfcd2084_lag1_1e076ec1,4.0
m_wifi_m_wifi_row_n_max_roll3_mean_d322d0be,4.0
m_ambience_ambience_top_prob_mean_lag1_15878b53,4.0
m_wifi_m_wifi_row_rssi_mean_min_roll3_mean_73fb62a3,4.0
m_ambience_ambience_prob_sum_max_lag1_0dd5f202,4.0
m_wifi_m_wifi_row_rssi_mean_max_roll7_mean_e57fdf1b,4.0
m_wifi_m_wifi_row_n_max_roll7_mean_440d464b,4.0
m_wifi_m_wifi_row_n_sum_70faee7c,4.0
m_activity_m_activity_count_f_4_a87ff679_roll3_mean_2eca75df,4.0
m_ambience_ambience_entropy_mean_roll3_mean_c9a07873,4.0
m_ambience_ambience_prob_sum_sum_407d73e4,4.0
m_light_m_light_by_time_sum_morning_roll7_mean_a85e114e,4.0
w_hr_hr_median_mean_roll3_mean_8862aa03,4.0
m_ble_m_ble_row_n_mean_c00218f1,4.0
w_hr_hr_min_min_roll3_mean_2f3dd0ff,4.0
m_activity_m_activity_ratio_f_7_8f14e45f_roll7_mean_f5314d24,4.0
m_usage_app_time_x_16a8cbbd_16a8cbbd_roll3_mean_a2991eb1,4.0
m_wifi_m_wifi_row_rssi_sum_sum_roll7_mean_db038888,4.0
m_gps_m_gps_row_longitude_mean_max_roll7_mean_b1148350,4.0
m_usage_app_time_one_ui_f0679540_roll3_mean_c0969afb,4.0
m_ac_m_charging_mean_lag1_f923b8b7,3.0
m_activity_m_activity_count_f_0_cfcd2084_59c24a17,3.0
m_screen_m_screen_use_changes_roll3_mean_346e624a,3.0
m_gps_m_gps_row_longitude_sum_mean_roll3_mean_7b71aa69,3.0
m_ble_m_ble_row_rssi_min_std_3d11c4d5,3.0
m_wifi_m_wifi_row_n_mean_roll3_mean_7815465a,3.0
m_ble_m_ble_row_rssi_mean_std_4f808e2a,3.0
m_ambience_top_count_fireworks_10721d3e_roll7_mean_e6cdc4bd,3.0
m_activity_m_activity_by_time_mean_morning_roll7_mean_ab96f79a,3.0
m_wifi_m_wifi_row_rssi_min_mean_roll3_mean_70067b35,3.0
m_ambience_top_count_inside_small_room_5db355e7_roll7_mean_703693ec,3.0
life_dayofweek_sin_f12252c3,3.0
m_activity_m_activity_count_f_0_cfcd2084_roll7_mean_dcbe6a9d,3.0
m_ac_m_charging_by_time_sum_morning_roll7_mean_7437de40,3.0
m_ble_m_ble_row_rssi_mean_max_3799d8e3,3.0
m_ambience_top_count_motorboat_speedboat_c4a1f580_roll7_mean_093516d2,3.0
m_ambience_top_count_silence_880a7ef2_roll7_mean_65f17c71,3.0
m_ambience_top_count_water_tap_faucet_225cf17f_roll7_mean_df81f669,3.0
m_usage_usage_total_time_sum_roll3_mean_cd32eb14,3.0
m_ble_m_ble_row_n_sum_roll7_mean_b4519f0a,3.0
m_activity_m_activity_count_f_4_a87ff679_d515282b,3.0
m_ble_m_ble_row_n_mean_roll7_mean_42488a1e,3.0
m_ambience_ambience_top_prob_mean_a8250945,3.0
m_ambience_ambience_n_sum_roll7_mean_1692e94c,3.0
m_ambience_top_count_explosion_8a36c0d6_roll7_mean_a04fcd98,3.0
m_ambience_ambience_top_prob_std_roll7_mean_eebf2652,3.0
m_ac_m_charging_std_roll7_mean_0821d1f8,3.0
m_ambience_top_count_vehicle_d6af9c1e_0c5e6b37,3.0
m_activity_m_activity_sum_roll7_mean_95689760,3.0
m_ac_m_charging_by_time_sum_night_lag1_8c51d75e,3.0
m_ambience_ambience_top_prob_min_roll7_mean_5a37dfae,3.0
m_activity_m_activity_ratio_f_1_c4ca4238_e0d6b831,3.0
m_usage_app_time_x_86a218b2_86a218b2_roll3_mean_3bb3582c,3.0
m_usage_app_time_x_cada8281_cada8281_roll3_mean_a4d19504,3.0
m_gps_m_gps_row_altitude_sum_max_ce6e31d8,3.0
w_hr_hr_n_mean_roll3_mean_6daa0015,3.0
m_ac_m_charging_by_time_mean_evening_lag1_594806d4,3.0
m_gps_m_gps_row_speed_max_std_roll3_mean_509a743c,3.0
m_activity_m_activity_mean_d60fe39d,3.0
m_gps_m_gps_row_altitude_mean_mean_e8c62919,3.0
m_screen_m_screen_use_by_time_mean_afternoon_roll3_mean_bc6f9b1f,3.0
m_ac_m_charging_sum_roll7_mean_511b6800,3.0
m_screen_m_screen_use_by_time_mean_evening_roll3_mean_2214dbb7,3.0
m_activity_m_activity_ratio_f_0_cfcd2084_roll7_mean_df048e35,3.0
w_pedo_step_count_roll7_mean_c0c6dc3d,3.0
m_activity_m_activity_by_time_sum_night_lag1_4ef051ae,3.0
m_wifi_m_wifi_row_rssi_sum_mean_roll3_mean_8b974a2b,3.0
m_gps_m_gps_row_altitude_mean_min_roll3_mean_5d01fb25,3.0
m_gps_m_gps_row_latitude_mean_min_roll3_mean_1f9b15fd,3.0
m_activity_m_activity_count_roll3_mean_6ccb546f,3.0
m_ac_m_charging_by_time_sum_night_roll3_mean_b21ec136,3.0
m_usage_usage_unique_apps_sum_cf2fb301,3.0
m_wifi_m_wifi_row_rssi_min_mean_roll7_mean_1429dcc7,3.0
m_gps_m_gps_row_speed_mean_mean_roll7_mean_19f6d633,3.0
m_ble_m_ble_row_rssi_sum_sum_roll7_mean_b6ee6181,3.0
m_usage_app_time_samsung_wallet_15ecd9b2_06527feb,3.0
m_ble_m_ble_row_rssi_max_max_roll7_mean_91ea327a,3.0
m_gps_m_gps_row_longitude_min_min_2839e6e3,3.0
m_gps_m_gps_row_longitude_std_std_0128d825,3.0
m_ble_m_ble_row_rssi_mean_mean_roll7_mean_863bc9d6,3.0
w_pedo_burned_calories_by_time_mean_evening_c42ca844,3.0
m_ble_m_ble_row_rssi_std_mean_roll3_mean_90563106,3.0
m_ble_m_ble_row_rssi_min_min_roll7_mean_f532f0e9,3.0
m_ble_m_ble_row_rssi_max_min_roll3_mean_d05383cb,3.0
w_pedo_distance_by_time_sum_evening_84818da8,3.0
m_gps_m_gps_row_longitude_max_max_6f056d21,3.0
m_activity_m_activity_by_time_mean_afternoon_roll3_mean_518d6e35,3.0
m_gps_m_gps_row_latitude_sum_sum_af4de94d,3.0
m_gps_m_gps_row_altitude_min_min_roll7_mean_932eb974,3.0
m_ambience_ambience_entropy_min_roll3_mean_f8325681,3.0
m_gps_m_gps_row_speed_sum_max_4b9bb7c0,3.0
m_activity_m_activity_ratio_f_7_8f14e45f_roll3_mean_2d2e6235,3.0
m_activity_m_activity_ratio_f_4_a87ff679_roll3_mean_d7a40daf,3.0
m_activity_m_activity_ratio_f_3_eccbc87e_roll3_mean_5f1501be,3.0
m_activity_m_activity_ratio_f_0_cfcd2084_roll3_mean_284d5cf8,3.0
m_gps_m_gps_row_speed_max_std_f894c183,3.0
m_gps_m_gps_row_speed_min_max_3918c430,3.0
m_activity_m_activity_count_f_8_c9f0f895_roll3_mean_440ac2c1,3.0
m_light_m_light_by_time_sum_morning_6c16a9c2,3.0
m_ambience_top_count_insect_960c0870_roll3_mean_33745372,3.0
w_hr_hr_n_sum_roll7_mean_fd6b43db,3.0
m_gps_m_gps_row_altitude_max_min_roll7_mean_8548a8f7,3.0
m_wifi_m_wifi_row_rssi_max_std_roll7_mean_68a6847a,3.0
m_gps_m_gps_row_speed_std_mean_c804cf94,3.0
m_usage_app_time_x_16a8cbbd_16a8cbbd_c9ea00b3,3.0
m_gps_m_gps_row_longitude_mean_min_roll7_mean_1f0b3ce9,3.0
w_light_w_light_std_3b7f2b84,3.0
m_wifi_bssid_nunique_368ed07f,3.0
m_light_m_light_by_time_sum_night_roll7_mean_177f5975,3.0
m_wifi_m_wifi_row_rssi_std_std_722e0bd3,3.0
m_wifi_m_wifi_row_rssi_min_min_c2c36217,3.0
m_usage_usage_events_max_roll7_mean_38bf8cda,3.0
w_pedo_distance_mean_36daa9b2,3.0
m_usage_app_time_ui_9a64d537_roll7_mean_8fe320a9,3.0
w_hr_hr_min_min_e0549d4e,3.0
m_wifi_m_wifi_row_rssi_mean_mean_0ee57695,3.0
m_light_m_light_sum_roll7_mean_1b522d05,3.0
m_wifi_m_wifi_row_n_mean_038aee55,3.0
m_ble_m_ble_row_rssi_std_mean_roll7_mean_a612b123,3.0
m_usage_app_time_x_86a218b2_86a218b2_roll7_mean_b151e45d,3.0
m_wifi_m_wifi_row_rssi_sum_mean_6ebef8d0,3.0
m_usage_app_time_x_ede0afe7_ede0afe7_487b1187,3.0
w_pedo_step_frequency_by_time_sum_morning_92a408ff,3.0
m_screen_m_screen_use_mean_beaf2b34,2.0
m_activity_m_activity_changes_roll3_mean_0f7e08ad,2.0
m_wifi_m_wifi_row_rssi_min_min_roll7_mean_60ef69f2,2.0
m_ambience_top_count_silence_880a7ef2_50f1b334,2.0
m_ambience_top_count_rustle_4d7bd23e_8fa83309,2.0
m_ac_m_charging_mean_roll7_mean_7648a2d6,2.0
m_screen_m_screen_use_by_time_sum_evening_roll7_mean_a6a7ab4c,2.0
m_gps_m_gps_row_speed_max_max_roll7_mean_9706c7df,2.0
w_pedo_speed_sum_9c957ef2,2.0
m_usage_app_time_x_8590d84b_8590d84b_roll3_mean_e1b09db7,2.0
w_pedo_step_mean_66e20089,2.0
m_ac_m_charging_by_time_sum_evening_lag1_a68d12d1,2.0
m_activity_m_activity_ratio_f_1_c4ca4238_roll3_mean_dfbba221,2.0
m_usage_usage_unique_apps_max_roll7_mean_54eefbbe,2.0
m_ac_m_charging_count_c7dca396,2.0
m_activity_m_activity_ratio_f_8_c9f0f895_roll3_mean_5fddef24,2.0
m_ambience_ambience_top_prob_min_roll3_mean_b32f63b3,2.0
m_ac_m_charging_by_time_sum_evening_roll7_mean_55a9fa11,2.0
w_pedo_step_frequency_std_a7c64936,2.0
m_usage_app_time_ui_9a64d537_roll3_mean_9807d170,2.0
m_usage_usage_events_max_d75fa3e9,2.0
m_screen_m_screen_use_by_time_mean_afternoon_roll7_mean_0781f838,2.0
m_gps_m_gps_row_longitude_max_std_roll7_mean_8df37f47,2.0
w_hr_hr_sum_sum_roll3_mean_f4bd0df4,2.0
w_pedo_distance_by_time_sum_morning_9d4dfa40,2.0
m_usage_app_time_x_86a218b2_86a218b2_de5488a7,2.0
m_light_m_light_mean_roll7_mean_497300d0,2.0
w_pedo_speed_by_time_mean_afternoon_5c70275c,2.0
m_ambience_ambience_entropy_min_lag1_6e255a3c,2.0
m_gps_m_gps_row_speed_max_mean_roll7_mean_0034f4e4,2.0
m_gps_m_gps_row_speed_std_std_roll7_mean_8a6f98de,2.0
m_light_m_light_by_time_sum_afternoon_roll7_mean_d705ad77,2.0
m_ambience_top_count_hammer_e16aadf9_lag1_f8b1bacb,2.0
w_pedo_burned_calories_by_time_sum_evening_443427bf,2.0
m_gps_m_gps_row_speed_mean_min_roll7_mean_0606e76b,2.0
m_activity_m_activity_ratio_f_8_c9f0f895_lag1_5437fe7e,2.0
m_activity_m_activity_ratio_f_8_c9f0f895_90841c37,2.0
m_activity_m_activity_ratio_f_4_a87ff679_e09671fd,2.0
m_gps_m_gps_row_longitude_sum_sum_roll7_mean_b5180b07,2.0
m_ambience_top_count_fireworks_10721d3e_395d4329,2.0
m_usage_app_time_chrome_986c3748_9a745233,2.0
m_usage_usage_unique_apps_mean_3a4c0a88,2.0
m_activity_m_activity_count_f_1_c4ca4238_ca0deeb1,2.0
w_pedo_step_frequency_by_time_sum_afternoon_0c5da216,2.0
m_usage_app_time_x_61500686_61500686_roll3_mean_ba3b2afa,2.0
m_usage_app_time_x_eb0f03ac_eb0f03ac_a8d4f9b1,2.0
m_screen_m_screen_use_std_roll7_mean_37df566d,2.0
m_gps_m_gps_row_longitude_max_max_roll7_mean_658ca246,2.0
m_wifi_m_wifi_row_n_sum_roll7_mean_4c71883d,2.0
w_pedo_step_frequency_max_dc18eb68,2.0
m_gps_m_gps_row_speed_std_std_roll3_mean_413cf76a,2.0
m_usage_app_time_naver_b6c7d707_roll3_mean_28aa7c1a,2.0
m_ambience_top_count_vehicle_d6af9c1e_roll3_mean_eac4a30e,2.0
m_ble_m_ble_row_rssi_sum_mean_roll7_mean_338c8fc4,2.0
w_light_w_light_max_roll7_mean_91749a7d,2.0
m_gps_m_gps_row_longitude_min_std_6a08333f,2.0
w_light_w_light_median_roll7_mean_bcfe8e42,2.0
m_gps_m_gps_row_longitude_std_max_bc22b917,2.0
m_gps_m_gps_row_speed_sum_mean_roll3_mean_0506fc46,2.0
m_gps_m_gps_row_speed_sum_sum_roll3_mean_a0b89d3c,2.0
m_ble_m_ble_row_rssi_std_min_roll3_mean_da72dbfa,2.0
m_gps_m_gps_row_longitude_mean_min_bd51fa23,2.0
m_ble_m_ble_row_rssi_max_mean_roll3_mean_d6b26531,2.0
m_ambience_top_count_breathing_bd287902_roll7_mean_871fd1ae,2.0
m_ble_m_ble_row_rssi_sum_mean_roll3_mean_ea34f2b7,2.0
m_gps_m_gps_row_altitude_max_min_85eb0b5a,2.0
m_ble_address_nunique_roll3_mean_bdf67cba,2.0
m_gps_m_gps_row_altitude_mean_mean_roll7_mean_75fe80eb,2.0
m_gps_m_gps_row_speed_mean_std_roll3_mean_349ebfdd,2.0
m_gps_m_gps_row_latitude_mean_max_aa6aa068,2.0
m_gps_m_gps_row_latitude_max_max_28673a3d,2.0
m_gps_m_gps_row_altitude_mean_std_roll3_mean_aa3dbf68,2.0
w_pedo_step_frequency_sum_325a33f8,2.0
m_gps_m_gps_row_altitude_sum_mean_ce685cca,2.0
m_gps_m_gps_row_latitude_min_max_7228136d,2.0
m_gps_m_gps_row_latitude_std_max_e26069d7,2.0
m_gps_m_gps_row_latitude_std_std_841a6b6d,2.0
m_ambience_top_count_heart_sounds_heartbeat_93a1d3bd_roll7_mean_801096b2,2.0
m_ambience_top_count_hiss_e1ebbf32_roll7_mean_75a3b8d6,2.0
m_ambience_top_count_hum_f80a67f4_roll7_mean_0fc812c3,2.0
m_ambience_top_count_insect_960c0870_roll7_mean_0445c9e9,2.0
life_day_44d39fcf,2.0
m_ble_address_nunique_roll7_mean_bfecf2cd,2.0
m_gps_m_gps_row_altitude_mean_min_c62e9265,2.0
m_ambience_top_count_snake_dfa90f1b_roll7_mean_6dbc277b,2.0
m_ble_m_ble_row_rssi_min_max_eb4e25cc,2.0
m_ble_m_ble_row_n_sum_f43caf83,2.0
m_gps_m_gps_row_latitude_mean_mean_4aad2a8f,2.0
m_gps_m_gps_row_altitude_sum_mean_roll3_mean_9ce8759c,2.0
m_gps_m_gps_row_altitude_max_max_roll3_mean_fbbb1cf5,2.0
m_ble_m_ble_row_rssi_mean_mean_f03c88f7,2.0
m_usage_usage_unique_apps_sum_roll3_mean_98883938,2.0
m_ac_m_charging_count_lag1_2311acb7,2.0
m_gps_m_gps_row_latitude_mean_mean_roll7_mean_64b7728a,2.0
m_usage_usage_events_max_roll3_mean_39764dc1,2.0
m_ambience_top_count_mechanical_fan_0dfb2bea_roll3_mean_73ad45c6,2.0
m_screen_m_screen_use_by_time_sum_morning_roll3_mean_60ce665c,2.0
m_gps_m_gps_row_altitude_max_std_roll7_mean_72dc9da2,2.0
m_ambience_top_count_music_47dcbd83_roll3_mean_a66082af,2.0
m_gps_m_gps_row_longitude_std_min_roll3_mean_d6610746,2.0
m_gps_m_gps_row_speed_mean_max_ea7132c2,2.0
m_ambience_ambience_top_prob_mean_roll7_mean_90a036f9,2.0
m_ble_m_ble_row_rssi_sum_mean_c17551f7,2.0
m_ambience_top_count_synthesizer_900ed6d1_roll7_mean_2f7713bc,2.0
m_gps_m_gps_row_longitude_sum_max_a3afbfff,2.0
w_hr_hr_n_max_roll7_mean_7b641121,2.0
m_screen_m_screen_use_sum_roll3_mean_b2cc5244,2.0
m_ambience_top_count_rail_transport_0b63c4ba_roll3_mean_0bd80575,2.0
m_ambience_top_count_typing_066182d6_roll7_mean_7f479594,2.0
m_gps_m_gps_row_latitude_min_std_roll3_mean_a480798c,2.0
m_ambience_top_count_vehicle_d6af9c1e_roll7_mean_94d0c91b,2.0
m_ambience_top_count_rodents_rats_mice_b9f9d709_lag1_5c88bb7b,1.0
m_screen_m_screen_use_mean_roll7_mean_48f297d9,1.0
m_usage_app_time_youtube_8dd1bae8_roll7_mean_3153da4b,1.0
m_ambience_top_count_vehicle_d6af9c1e_lag1_9690f7d3,1.0
m_ble_m_ble_row_rssi_std_std_lag1_2523cf11,1.0
m_ambience_top_count_tools_8625e1de_roll7_mean_50458788,1.0
m_ambience_top_count_speech_04a83927_roll7_mean_038b5394,1.0
m_ambience_top_count_rodents_rats_mice_b9f9d709_roll7_mean_98581a3f,1.0
m_ambience_top_count_liquid_5635bf59_roll7_mean_2ff68e04,1.0
m_ambience_top_count_water_27634ff8_roll7_mean_733e3818,1.0
m_screen_m_screen_use_sum_roll7_mean_066b3c7a,1.0
m_ambience_top_count_rail_transport_0b63c4ba_roll7_mean_743a7eb4,1.0
m_usage_app_time_chrome_986c3748_roll7_mean_871ba383,1.0
m_ambience_top_count_water_27634ff8_lag1_0cf1f2ae,1.0
m_ambience_top_count_rattle_00dab7f2_roll7_mean_7a16af1e,1.0
m_gps_m_gps_row_longitude_std_mean_roll7_mean_21e65002,1.0
m_ambience_top_count_mechanical_fan_0dfb2bea_lag1_38484f47,1.0
m_gps_m_gps_row_altitude_mean_std_roll7_mean_d4a0448d,1.0
m_gps_m_gps_row_longitude_mean_mean_roll7_mean_6f08986b,1.0
m_gps_m_gps_row_latitude_sum_max_roll7_mean_e8e7cec8,1.0
m_gps_m_gps_row_latitude_sum_mean_roll7_mean_85780fc4,1.0
m_gps_m_gps_row_latitude_sum_sum_roll7_mean_41d149e3,1.0
m_gps_m_gps_row_latitude_max_min_roll7_mean_a7e01c5b,1.0
m_wifi_m_wifi_row_rssi_sum_mean_roll7_mean_c216dbc3,1.0
m_gps_m_gps_row_latitude_mean_max_roll7_mean_fed38b12,1.0
m_activity_m_activity_max_lag1_c5f64626,1.0
m_gps_m_gps_row_longitude_min_min_roll7_mean_f0b0b8e0,1.0
m_gps_m_gps_row_longitude_min_max_roll7_mean_9f9f2045,1.0
m_ambience_ambience_entropy_mean_roll7_mean_075ffb3a,1.0
m_gps_m_gps_row_altitude_mean_min_roll7_mean_aee13fda,1.0
m_ambience_ambience_entropy_std_roll7_mean_cfc21592,1.0
m_ambience_top_count_inside_small_room_5db355e7_lag1_ceb49245,1.0
m_ambience_ambience_entropy_max_roll7_mean_2485b871,1.0
m_wifi_m_wifi_row_n_mean_roll7_mean_a7324afb,1.0
m_usage_app_time_x_61500686_61500686_roll7_mean_d647696a,1.0
m_ambience_top_count_buzz_f285bec7_roll7_mean_18e7d8ff,1.0
m_ambience_top_count_chink_clink_aa1085a1_roll7_mean_85dfcb39,1.0
m_ambience_top_count_breathing_bd287902_lag1_cf73fbb3,1.0
m_ambience_top_count_coin_dropping_999606d4_roll7_mean_3dc29ff8,1.0
m_ambience_top_count_explosion_8a36c0d6_lag1_327dd48b,1.0
m_ambience_top_count_fireworks_10721d3e_lag1_16df7514,1.0
m_light_m_light_by_time_mean_afternoon_roll7_mean_ecc72d88,1.0
m_ambience_top_count_hammer_e16aadf9_roll7_mean_88b93eb5,1.0
m_ambience_top_count_hiss_e1ebbf32_lag1_451030e9,1.0
m_ac_m_charging_std_lag1_5b320d92,1.0
m_gps_m_gps_row_longitude_min_mean_roll3_mean_9268f0f9,1.0
m_ac_m_charging_changes_roll7_mean_461c4bb7,1.0
m_ble_m_ble_row_rssi_min_min_d7b7c5f6,1.0
m_ambience_top_count_clip_clop_07616c0c_roll3_mean_82121ac1,1.0
m_ambience_top_count_speech_04a83927_84a9e9c6,1.0
m_ambience_top_count_hammer_e16aadf9_roll3_mean_089a2ae9,1.0
m_ambience_top_count_rail_transport_0b63c4ba_85e8592f,1.0
m_ambience_top_count_inside_small_room_5db355e7_roll3_mean_e3c654df,1.0
m_ambience_top_count_music_47dcbd83_5c469f58,1.0
m_ambience_top_count_mechanical_fan_0dfb2bea_23647a0f,1.0
m_ambience_top_count_silence_880a7ef2_roll3_mean_34fe4383,1.0
m_ambience_top_count_snake_dfa90f1b_roll3_mean_b58aa626,1.0
m_ambience_top_count_snoring_c3d338ce_roll3_mean_f115231c,1.0
m_ambience_top_count_spray_17d453b0_roll3_mean_121deaac,1.0
m_ambience_top_count_glass_aae44179_988afbcb,1.0
m_ambience_top_count_wild_animals_0be1f683_roll3_mean_735eab59,1.0
m_ambience_top_count_wind_52258b9e_roll3_mean_3d40f603,1.0
m_ble_m_ble_row_n_max_roll3_mean_aa66c24f,1.0
m_ble_m_ble_row_rssi_min_min_roll3_mean_cdcf2bbd,1.0
m_gps_m_gps_row_n_max_roll3_mean_dfcafacb,1.0
m_ambience_top_count_coin_dropping_999606d4_b1dbefe1,1.0
m_gps_m_gps_row_altitude_min_std_roll3_mean_be511d17,1.0
m_ambience_top_count_chink_clink_aa1085a1_f791a428,1.0
m_gps_m_gps_row_latitude_mean_mean_roll3_mean_1053f6ef,1.0
m_gps_m_gps_row_latitude_mean_std_roll3_mean_89c26c09,1.0
m_gps_m_gps_row_latitude_mean_max_roll3_mean_1be1e2ea,1.0
m_gps_m_gps_row_latitude_std_std_roll3_mean_acda2f68,1.0
m_gps_m_gps_row_latitude_std_min_roll3_mean_04fb03cf,1.0
m_gps_m_gps_row_latitude_std_max_roll3_mean_e6727cfc,1.0
m_gps_m_gps_row_latitude_max_min_roll3_mean_27fecc04,1.0
m_gps_m_gps_row_latitude_sum_max_roll3_mean_dba5ba68,1.0
m_ambience_ambience_top_prob_std_dbd15bec,1.0
m_ble_m_ble_row_rssi_std_min_b6e493ce,1.0
m_activity_m_activity_count_f_1_c4ca4238_roll3_mean_a9bc862b,1.0
m_gps_m_gps_row_longitude_mean_std_roll3_mean_63020c8f,1.0
m_activity_m_activity_sum_roll3_mean_fed81353,1.0
w_pedo_step_frequency_mean_38dd5a38,1.0
w_pedo_step_frequency_count_9db051f9,1.0
m_wifi_m_wifi_row_rssi_max_max_683bf6ac,1.0
m_usage_app_time_x_61500686_61500686_3518e9d0,1.0
m_usage_app_time_x_ab792385_ab792385_3e6c8610,1.0
m_usage_app_time_youtube_8dd1bae8_9392da21,1.0
m_usage_app_time_one_ui_f0679540_d2b82c5b,1.0
m_usage_app_time_gs_shop_b66307cb_90c5cd89,1.0
m_screen_m_screen_use_sum_0b840c25,1.0
m_gps_m_gps_row_speed_sum_mean_484aaf4f,1.0
m_gps_m_gps_row_speed_min_mean_7078921a,1.0
m_gps_m_gps_row_speed_mean_mean_80b93fe6,1.0
m_gps_m_gps_row_longitude_max_min_a45690bd,1.0
m_gps_m_gps_row_longitude_max_std_5e4c4716,1.0
m_gps_m_gps_row_longitude_min_max_d7a81f10,1.0
m_gps_m_gps_row_longitude_std_min_08b7f099,1.0
m_gps_m_gps_row_longitude_std_mean_a46c4251,1.0
m_gps_m_gps_row_longitude_mean_std_910ae349,1.0
m_gps_m_gps_row_latitude_sum_max_49db9641,1.0
m_gps_m_gps_row_latitude_sum_mean_e46d1199,1.0
m_gps_m_gps_row_latitude_max_mean_d8658f1b,1.0
w_pedo_speed_by_time_sum_afternoon_637a4ffb,1.0
w_pedo_speed_by_time_sum_evening_a60c514b,1.0
w_pedo_burned_calories_by_time_mean_night_9119a12a,1.0
m_gps_m_gps_row_latitude_mean_min_0b456482,1.0
m_gps_m_gps_row_altitude_max_mean_27762c08,1.0
m_ac_m_charging_median_roll3_mean_9a59cd6b,1.0
m_ble_address_nunique_9233f79c,1.0
m_ble_m_ble_row_rssi_sum_sum_7afeddcc,1.0
m_gps_m_gps_row_longitude_mean_mean_roll3_mean_2e7308a1,1.0
m_ambience_top_count_inside_small_room_5db355e7_ef192b28,1.0
m_gps_m_gps_row_longitude_min_std_roll3_mean_7d62e8c7,1.0
sleep_dayofweek_9ae3a31d,1.0
m_ambience_ambience_n_sum_66333d66,1.0
m_gps_m_gps_row_longitude_max_min_roll3_mean_f968345c,1.0
m_gps_m_gps_row_longitude_std_max_roll3_mean_5db94d65,1.0
m_activity_m_activity_count_decf9031,1.0
m_gps_m_gps_row_longitude_mean_max_roll3_mean_c1f67ffe,1.0
m_activity_m_activity_by_time_sum_night_46b99b29,1.0
is_weekend_a4ac6adc,1.0
m_activity_m_activity_by_time_mean_night_24c9c03c,1.0
m_wifi_m_wifi_row_rssi_max_mean_roll3_mean_c82bdc4c,1.0
life_month_5a4000d6,1.0
m_screen_m_screen_use_by_time_sum_evening_roll3_mean_efcfed02,1.0
m_gps_m_gps_row_longitude_min_max_roll3_mean_1ab6c303,1.0
m_gps_m_gps_row_latitude_max_min_db4d7a3d,0.0
life_dayofweek_cos_7000420c,0.0
m_gps_m_gps_row_longitude_min_mean_939d8bca,0.0
life_dayofyear_cos_94ccfb2b,0.0
sleep_gap_days_bea3b87c,0.0
m_gps_m_gps_row_longitude_sum_mean_50eaaa9d,0.0
m_gps_m_gps_row_longitude_mean_mean_971bbea3,0.0
m_gps_m_gps_row_speed_mean_min_102fb4a9,0.0
m_ac_m_charging_min_91a0d962,0.0
m_ac_m_charging_max_4f49e64d,0.0
m_gps_m_gps_row_speed_std_min_eb897783,0.0
life_weekofyear_cb6cfc66,0.0
m_gps_m_gps_row_longitude_max_mean_26bb120f,0.0
subject_idx_385b271a,0.0
m_ambience_ambience_n_max_23b53e6b,0.0
w_hr_hr_median_mean_roll7_mean_5d6b5b39,0.0
m_gps_m_gps_row_speed_max_min_fb81c444,0.0
m_ambience_top_count_typing_066182d6_lag1_85cd45b7,0.0
m_activity_m_activity_max_fad2ef12,0.0
m_gps_m_gps_row_n_max_343aa5ce,0.0
m_gps_m_gps_row_altitude_std_min_de67f140,0.0
m_gps_m_gps_row_altitude_min_mean_d99436f2,0.0
m_activity_m_activity_min_7a746706,0.0
m_ambience_top_count_water_tap_faucet_225cf17f_lag1_46be6ea5,0.0
m_gps_m_gps_row_altitude_max_std_0c9a9be6,0.0
m_gps_m_gps_row_latitude_mean_std_b4858f87,0.0
m_ambience_top_count_white_noise_a2901a71_lag1_095f7a74,0.0
m_gps_m_gps_row_latitude_std_min_02de2f6f,0.0
m_ambience_top_count_wild_animals_0be1f683_lag1_e3c086d0,0.0
w_light_w_light_min_roll7_mean_1e499bdd,0.0
m_gps_m_gps_row_latitude_min_mean_469e14a6,0.0
m_gps_m_gps_row_latitude_min_std_362f4218,0.0
m_gps_m_gps_row_latitude_min_min_1f37a40d,0.0
m_ambience_top_count_wind_52258b9e_lag1_d911a3ad,0.0
m_ac_m_charging_median_af99f5e6,0.0
m_gps_m_gps_row_latitude_max_std_32884089,0.0
m_gps_m_gps_row_speed_min_min_40d9a4fd,0.0
m_screen_m_screen_use_min_42146a4e,0.0
subject_id_id01_9da4f30b,0.0
w_light_w_light_min_43148058,0.0
m_usage_app_time_x_c0efb672_c0efb672_b2c47c9f,0.0
m_usage_app_time_x_c0efb672_c0efb672_roll7_mean_03d65f4b,0.0
m_usage_app_time_x_a6f96321_a6f96321_20bc93d3,0.0
m_usage_app_time_x_b1a01277_b1a01277_0facbd31,0.0
subject_id_id06_bd187e25,0.0
m_wifi_m_wifi_row_rssi_std_min_15f30eee,0.0
subject_id_id07_3a1e14a3,0.0
w_hr_hr_n_max_b36d5aa4,0.0
w_pedo_step_min_c8286a2c,0.0
m_usage_app_time_x_a6f96321_a6f96321_roll7_mean_e467e37c,0.0
w_pedo_step_median_841c96ad,0.0
m_usage_app_time_x_cada8281_cada8281_roll7_mean_22564de2,0.0
subject_id_id08_65ee3ba9,0.0
subject_id_id09_cb18886d,0.0
w_pedo_step_frequency_min_d2054c3a,0.0
m_usage_app_time_x_ab792385_ab792385_roll7_mean_71b61516,0.0
m_usage_app_time_q_e3f3e375_roll7_mean_fd3eb1ec,0.0
w_pedo_step_frequency_median_1f01e8db,0.0
m_usage_app_time_x_cada8281_cada8281_028789f8,0.0
m_usage_app_time_x_b1a01277_b1a01277_roll7_mean_ae7eab0a,0.0
m_light_m_light_count_48b5e97d,0.0
m_usage_app_time_microsoft_launcher_5c7f75a2_8eb91c3c,0.0
m_light_m_light_min_43bef753,0.0
m_screen_m_screen_use_std_76408e3d,0.0
m_ble_m_ble_row_rssi_max_max_73d1450f,0.0
m_screen_m_screen_use_max_3bd74d5b,0.0
m_screen_m_screen_use_median_567da34f,0.0
m_usage_usage_unique_apps_max_fb5f298b,0.0
subject_id_id02_a26a7e39,0.0
m_usage_app_time_merge_designer_decor_story_3e3f3adf_148c0553,0.0
m_usage_app_time_number_match_a949b2bb_612a3fd1,0.0
subject_id_id05_8d5897df,0.0
subject_id_id03_d22d3da0,0.0
m_usage_app_time_threads_03bfaee2_ff8dfe57,0.0
m_usage_app_time_tiktok_d7a9a3e2_3c9a8876,0.0
m_usage_app_time_whiteout_survival_2dd90b2c_cf669a61,0.0
m_usage_app_time_x_02129bb8_a77f5e33,0.0
subject_id_id04_f8ab1bf3,0.0
m_usage_app_time_youtube_music_f0366942_784d2c25,0.0
m_usage_app_time_q_e3f3e375_34d0eb2c,0.0
m_ambience_top_count_tools_8625e1de_lag1_ba9cbf52,0.0
m_ac_m_charging_min_lag1_8c87919a,0.0
m_ambience_top_count_synthesizer_900ed6d1_lag1_d4f4171a,0.0
m_ambience_ambience_n_max_lag1_a52e3ec6,0.0
m_ambience_top_count_chime_6c7c8b16_5423bce1,0.0
m_ambience_top_count_clip_clop_07616c0c_a65189d0,0.0
m_ambience_top_count_liquid_5635bf59_lag1_dd5a8b39,0.0
m_ambience_top_count_mains_hum_21c205ff_lag1_cea9ace7,0.0
m_ambience_top_count_cricket_a90edc84_70400227,0.0
m_ambience_top_count_dishes_pots_and_pans_ba894fd4_20f540f5,0.0
m_activity_m_activity_count_f_8_c9f0f895_8700a1c0,0.0
m_ambience_top_count_mechanisms_a7cf005b_lag1_b6544fca,0.0
m_ambience_top_count_motorboat_speedboat_c4a1f580_lag1_dd8108da,0.0
m_ambience_ambience_top_prob_max_lag1_b4db651f,0.0
m_ambience_top_count_music_47dcbd83_lag1_b775e1f0,0.0
m_ambience_ambience_n_mean_lag1_a16504fc,0.0
m_ambience_top_count_explosion_8a36c0d6_14360400,0.0
m_ambience_top_count_fire_bd2b7e5f_08855c5f,0.0
m_ambience_top_count_outside_urban_or_manmade_718c14ee_lag1_aca13323,0.0
m_activity_m_activity_ratio_f_4_a87ff679_lag1_4ee772ca,0.0
m_ambience_top_count_hammer_e16aadf9_a35a661f,0.0
m_ambience_top_count_patter_4ca4a347_lag1_60820602,0.0
m_ambience_top_count_keys_jangling_7b25aad6_lag1_a0809081,0.0
m_ambience_top_count_buzz_f285bec7_ffc8efab,0.0
m_ambience_top_count_rail_transport_0b63c4ba_lag1_267d41e0,0.0
m_ambience_top_count_clip_clop_07616c0c_lag1_5fe3bff3,0.0
m_ambience_ambience_prob_sum_max_3c13adbb,0.0
m_ambience_top_count_fire_bd2b7e5f_lag1_3805df39,0.0
m_ambience_top_count_heart_sounds_heartbeat_93a1d3bd_lag1_15e15534,0.0
m_ambience_ambience_n_mean_8d0ab857,0.0
m_ambience_top_count_hum_f80a67f4_lag1_16051082,0.0
m_ambience_top_count_dishes_pots_and_pans_ba894fd4_lag1_655b0015,0.0
m_ambience_top_count_cricket_a90edc84_lag1_d1a89ead,0.0
m_ambience_top_count_coin_dropping_999606d4_lag1_c56845c7,0.0
m_ambience_top_count_chink_clink_aa1085a1_lag1_02fa1bd4,0.0
m_ambience_top_count_breathing_bd287902_7af3d179,0.0
m_ambience_top_count_chime_6c7c8b16_lag1_b9abc491,0.0
m_ambience_top_count_buzz_f285bec7_lag1_be3f1a86,0.0
m_ambience_ambience_top_prob_max_4f4c0d74,0.0
m_ambience_top_count_bicycle_78efcae6_lag1_ed24dd42,0.0
m_ambience_top_count_animal_161e7ce7_lag1_51533ce5,0.0
m_ambience_top_count_animal_161e7ce7_db53010c,0.0
m_ambience_top_count_bicycle_78efcae6_5fb57848,0.0
m_ambience_top_count_insect_960c0870_lag1_0980801b,0.0
m_ambience_top_count_heart_sounds_heartbeat_93a1d3bd_57c64af7,0.0
m_ambience_top_count_rain_de4eda51_lag1_a3825354,0.0
m_ambience_top_count_spray_17d453b0_lag1_fa7c353f,0.0
m_ambience_top_count_typing_066182d6_b7fc80c8,0.0
m_ambience_top_count_rodents_rats_mice_b9f9d709_4bcb3720,0.0
m_ambience_top_count_sliding_door_4d87edb9_453b150c,0.0
m_ambience_top_count_snake_dfa90f1b_abeb5656,0.0
m_ambience_top_count_snoring_c3d338ce_04b61639,0.0
m_ambience_top_count_snoring_c3d338ce_lag1_e81a31d6,0.0
m_ambience_top_count_spray_17d453b0_e379b0a6,0.0
m_ambience_top_count_synthesizer_900ed6d1_cc653679,0.0
m_ambience_top_count_tools_8625e1de_c1356968,0.0
m_ambience_top_count_water_27634ff8_af7ee13f,0.0
m_activity_m_activity_min_lag1_4de546e8,0.0
m_ambience_top_count_speech_04a83927_lag1_76720c89,0.0
m_ambience_top_count_water_tap_faucet_225cf17f_f9825a16,0.0
m_ambience_top_count_white_noise_a2901a71_dacc35ec,0.0
m_ac_m_charging_median_lag1_7bab90a9,0.0
m_ac_m_charging_max_lag1_0f0cfc21,0.0
m_ambience_top_count_glass_aae44179_lag1_d0d8f286,0.0
m_ambience_top_count_wild_animals_0be1f683_8f611d32,0.0
m_ambience_top_count_wind_52258b9e_ac74212d,0.0
m_ambience_top_count_rattle_00dab7f2_03003060,0.0
m_ambience_top_count_rain_de4eda51_c8262ec4,0.0
m_ambience_top_count_hiss_e1ebbf32_dc7119a9,0.0
m_ambience_top_count_mains_hum_21c205ff_17eff388,0.0
m_ambience_top_count_rattle_00dab7f2_lag1_f741bbf8,0.0
m_activity_m_activity_count_f_8_c9f0f895_lag1_99016d5e,0.0
m_ambience_top_count_hum_f80a67f4_0c00049e,0.0
m_activity_m_activity_count_f_4_a87ff679_lag1_6c26f27b,0.0
m_ambience_top_count_insect_960c0870_438f40a0,0.0
w_pedo_running_step_mean_4f79549f,0.0
m_ambience_top_count_keys_jangling_7b25aad6_827f192f,0.0
m_ambience_top_count_liquid_5635bf59_fee7b7f5,0.0
m_ambience_top_count_mechanisms_a7cf005b_574fd7a4,0.0
m_ambience_top_count_snake_dfa90f1b_lag1_0baa7a8f,0.0
m_ambience_top_count_motorboat_speedboat_c4a1f580_0e124fd2,0.0
m_ambience_top_count_rustle_4d7bd23e_lag1_8395d4cc,0.0
m_ambience_top_count_outside_rural_or_natural_f1b10811_a6b956b3,0.0
m_activity_m_activity_median_7439d0c6,0.0
m_ambience_top_count_outside_urban_or_manmade_718c14ee_82e6e54e,0.0
m_ambience_top_count_patter_4ca4a347_32a4a8d4,0.0
m_ambience_top_count_sliding_door_4d87edb9_lag1_7ab9300f,0.0
m_activity_m_activity_median_lag1_a7c1d63b,0.0
w_pedo_running_step_count_45807bf4,0.0
w_pedo_walking_step_min_6d26520b,0.0
m_usage_app_time_x_02129bb8_roll7_mean_e56413be,0.0
m_gps_m_gps_row_altitude_max_std_roll3_mean_f9fe743b,0.0
m_ambience_top_count_wind_52258b9e_roll7_mean_ccb37761,0.0
m_ambience_top_count_wild_animals_0be1f683_roll7_mean_d6ad42b5,0.0
m_ambience_top_count_white_noise_a2901a71_roll7_mean_27d7d8cf,0.0
m_gps_m_gps_row_latitude_min_mean_roll3_mean_f8af0795,0.0
m_gps_m_gps_row_latitude_min_min_roll3_mean_0db81685,0.0
m_gps_m_gps_row_latitude_min_max_roll3_mean_01ee281f,0.0
m_gps_m_gps_row_latitude_max_mean_roll3_mean_9731f9ae,0.0
m_gps_m_gps_row_latitude_max_std_roll3_mean_0dd238be,0.0
m_ambience_top_count_spray_17d453b0_roll7_mean_028abe34,0.0
m_ambience_top_count_snoring_c3d338ce_roll7_mean_ee431614,0.0
m_gps_m_gps_row_latitude_max_max_roll3_mean_ce15f75e,0.0
m_ambience_top_count_sliding_door_4d87edb9_roll7_mean_51476b4c,0.0
m_gps_m_gps_row_latitude_sum_sum_roll3_mean_9a1ec923,0.0
m_ambience_top_count_rustle_4d7bd23e_roll7_mean_de075418,0.0
m_gps_m_gps_row_latitude_sum_mean_roll3_mean_f892acc8,0.0
m_ambience_top_count_rain_de4eda51_roll7_mean_0e123fcd,0.0
m_ambience_top_count_patter_4ca4a347_roll7_mean_763bcd93,0.0
m_ambience_top_count_outside_urban_or_manmade_718c14ee_roll7_mean_398c9d1e,0.0
m_ambience_top_count_outside_rural_or_natural_f1b10811_roll7_mean_16bc5dd4,0.0
m_ambience_top_count_music_47dcbd83_roll7_mean_76637e99,0.0
m_ambience_top_count_mechanisms_a7cf005b_roll7_mean_5c3f4b9e,0.0
m_ambience_top_count_mechanical_fan_0dfb2bea_roll7_mean_ca43f8b9,0.0
m_gps_m_gps_row_longitude_mean_min_roll3_mean_758b563d,0.0
m_gps_m_gps_row_altitude_sum_sum_roll3_mean_9a0c8253,0.0
m_gps_m_gps_row_altitude_max_mean_roll3_mean_a68a1fe7,0.0
w_pedo_running_step_std_bc6cf3ed,0.0
m_ble_m_ble_row_rssi_std_min_roll7_mean_754a2091,0.0
m_ambience_top_count_liquid_5635bf59_roll3_mean_47795a31,0.0
m_ambience_top_count_mains_hum_21c205ff_roll3_mean_17d574e3,0.0
m_ambience_top_count_mechanisms_a7cf005b_roll3_mean_64d4378c,0.0
m_ambience_top_count_motorboat_speedboat_c4a1f580_roll3_mean_188d2526,0.0
m_ambience_top_count_outside_rural_or_natural_f1b10811_roll3_mean_d90ade9c,0.0
m_ambience_top_count_outside_urban_or_manmade_718c14ee_roll3_mean_de2c3aee,0.0
m_ambience_top_count_patter_4ca4a347_roll3_mean_f5d15aa4,0.0
m_ambience_top_count_rain_de4eda51_roll3_mean_6bc2f401,0.0
m_ambience_top_count_rattle_00dab7f2_roll3_mean_16fbd7d1,0.0
m_gps_m_gps_row_altitude_std_min_roll7_mean_f2c38d8e,0.0
m_ambience_top_count_rodents_rats_mice_b9f9d709_roll3_mean_6fc42bbd,0.0
m_ambience_top_count_rustle_4d7bd23e_roll3_mean_1b06f7d1,0.0
m_ambience_top_count_sliding_door_4d87edb9_roll3_mean_a9a2cd38,0.0
m_ambience_top_count_speech_04a83927_roll3_mean_c2d9c9fd,0.0
m_ambience_top_count_synthesizer_900ed6d1_roll3_mean_8b1c9c7f,0.0
m_ambience_top_count_tools_8625e1de_roll3_mean_f5c4957e,0.0
m_ambience_top_count_typing_066182d6_roll3_mean_0981d2d7,0.0
m_ambience_top_count_water_27634ff8_roll3_mean_8a678b77,0.0
m_ambience_top_count_water_tap_faucet_225cf17f_roll3_mean_19b6d34d,0.0
m_ambience_top_count_white_noise_a2901a71_roll3_mean_47e19516,0.0
m_ble_m_ble_row_rssi_mean_std_roll3_mean_75680bdd,0.0
m_gps_m_gps_row_altitude_std_min_roll3_mean_8a9e840a,0.0
m_gps_m_gps_row_altitude_min_mean_roll3_mean_6da91e37,0.0
m_ambience_top_count_keys_jangling_7b25aad6_roll7_mean_ba921dfd,0.0
m_gps_m_gps_row_longitude_min_min_roll3_mean_aecee035,0.0
m_gps_m_gps_row_longitude_max_mean_roll3_mean_3ea55e3d,0.0
m_ambience_top_count_glass_aae44179_roll7_mean_38ce10f5,0.0
m_usage_app_time_merge_designer_decor_story_3e3f3adf_roll3_mean_68f0828d,0.0
m_usage_app_time_microsoft_launcher_5c7f75a2_roll3_mean_64a5b579,0.0
m_usage_app_time_number_match_a949b2bb_roll3_mean_aad7e68c,0.0
m_usage_app_time_threads_03bfaee2_roll3_mean_2cdca6b4,0.0
m_usage_app_time_tiktok_d7a9a3e2_roll3_mean_cf89fd26,0.0
m_usage_app_time_whiteout_survival_2dd90b2c_roll3_mean_8a99884a,0.0
m_usage_app_time_x_02129bb8_roll3_mean_1182c3e9,0.0
m_usage_app_time_youtube_music_f0366942_roll3_mean_c4cb3cba,0.0
m_usage_app_time_q_e3f3e375_roll3_mean_0c8cef17,0.0
m_usage_app_time_x_ab792385_ab792385_roll3_mean_4853939d,0.0
m_usage_app_time_x_c0efb672_c0efb672_roll3_mean_5fad8590,0.0
m_usage_app_time_x_a6f96321_a6f96321_roll3_mean_b0b62a2e,0.0
m_usage_app_time_x_b1a01277_b1a01277_roll3_mean_1e71180a,0.0
m_wifi_m_wifi_row_rssi_mean_mean_roll3_mean_013167be,0.0
m_wifi_m_wifi_row_rssi_min_min_roll3_mean_742cac8d,0.0
m_wifi_m_wifi_row_rssi_max_max_roll3_mean_63cce1dd,0.0
w_hr_hr_n_max_roll3_mean_9c3f8d9d,0.0
w_hr_hr_mean_min_roll3_mean_7fbe630d,0.0
w_light_w_light_min_roll3_mean_57ee48cd,0.0
m_ac_m_charging_min_roll7_mean_54d5175f,0.0
m_ac_m_charging_max_roll7_mean_e015f827,0.0
m_activity_m_activity_median_roll7_mean_8f8e234d,0.0
m_activity_m_activity_max_roll7_mean_e3353061,0.0
m_usage_app_time_gs_shop_b66307cb_roll3_mean_0983e86e,0.0
m_ambience_ambience_n_mean_roll7_mean_715f1570,0.0
m_ambience_ambience_n_max_roll7_mean_25613d95,0.0
m_gps_m_gps_row_speed_min_min_roll3_mean_a62a83d5,0.0
m_gps_m_gps_row_longitude_max_max_roll3_mean_57fa77ad,0.0
m_ambience_top_count_fire_bd2b7e5f_roll7_mean_c31c1c89,0.0
m_gps_m_gps_row_longitude_sum_max_roll3_mean_135050c4,0.0
m_ambience_top_count_dishes_pots_and_pans_ba894fd4_roll7_mean_3f0754b2,0.0
m_ambience_top_count_cricket_a90edc84_roll7_mean_60ca1ad8,0.0
m_gps_m_gps_row_speed_mean_mean_roll3_mean_f2028dfc,0.0
m_ambience_top_count_clip_clop_07616c0c_roll7_mean_d32c10d0,0.0
m_gps_m_gps_row_speed_mean_min_roll3_mean_2d363b93,0.0
m_ambience_top_count_chime_6c7c8b16_roll7_mean_a1b9153a,0.0
m_gps_m_gps_row_speed_std_min_roll3_mean_80f08cbd,0.0
m_ambience_top_count_bicycle_78efcae6_roll7_mean_26c3a4ce,0.0
m_usage_usage_unique_apps_max_roll3_mean_06ab43c2,0.0
m_gps_m_gps_row_speed_max_min_roll3_mean_5029bd54,0.0
m_light_m_light_mean_roll3_mean_24b5ee51,0.0
m_light_m_light_min_roll3_mean_4b371e96,0.0
m_light_m_light_by_time_sum_afternoon_roll3_mean_f0be0d7e,0.0
m_screen_m_screen_use_mean_roll3_mean_e7c1f86f,0.0
m_ambience_ambience_top_prob_max_roll7_mean_b6063b9b,0.0
m_screen_m_screen_use_min_roll3_mean_fbf7d62d,0.0
m_screen_m_screen_use_max_roll3_mean_cfef8391,0.0
m_screen_m_screen_use_median_roll3_mean_9d5a22da,0.0
m_usage_usage_unique_apps_mean_roll3_mean_e3892835,0.0
m_ambience_top_count_keys_jangling_7b25aad6_roll3_mean_0ac1b181,0.0
m_ambience_top_count_hum_f80a67f4_roll3_mean_2ac65ceb,0.0
m_ambience_top_count_hiss_e1ebbf32_roll3_mean_392c6096,0.0
w_pedo_walking_step_by_time_mean_evening_2f43da32,0.0
w_pedo_speed_median_a28dc4d4,0.0
w_pedo_burned_calories_count_60c2ca3e,0.0
w_pedo_burned_calories_min_03c820aa,0.0
w_pedo_burned_calories_median_a8b32b8b,0.0
w_pedo_step_by_time_mean_night_f1696a34,0.0
w_pedo_step_by_time_sum_night_f01dcb59,0.0
w_pedo_step_frequency_by_time_mean_afternoon_59d6187a,0.0
w_pedo_step_frequency_by_time_mean_evening_81291075,0.0
m_screen_m_screen_use_median_roll7_mean_23a2b053,0.0
m_screen_m_screen_use_max_roll7_mean_a5f9a061,0.0
m_screen_m_screen_use_min_roll7_mean_5a430e6c,0.0
w_pedo_step_frequency_by_time_mean_morning_df6584fa,0.0
w_pedo_step_frequency_by_time_mean_night_bfeeb28f,0.0
w_pedo_step_frequency_by_time_sum_evening_4e5bb677,0.0
w_pedo_step_frequency_by_time_sum_night_7b14da99,0.0
w_pedo_running_step_by_time_mean_afternoon_5ddd5f9d,0.0
w_pedo_running_step_by_time_mean_evening_924653bf,0.0
w_pedo_running_step_by_time_mean_morning_7e5602d6,0.0
w_pedo_running_step_by_time_mean_night_cb5e3226,0.0
w_pedo_running_step_by_time_sum_afternoon_24885235,0.0
w_pedo_running_step_by_time_sum_evening_d4fcc946,0.0
w_pedo_running_step_by_time_sum_morning_5529adf8,0.0
w_pedo_running_step_by_time_sum_night_78c00461,0.0
w_pedo_speed_min_bd6e4f99,0.0
w_pedo_speed_std_9621aa1f,0.0
w_pedo_speed_mean_3401cdec,0.0
w_pedo_walking_step_count_47c576d3,0.0
m_usage_app_time_whiteout_survival_2dd90b2c_roll7_mean_f64eacc1,0.0
m_usage_app_time_tiktok_d7a9a3e2_roll7_mean_0d0bc37c,0.0
m_usage_app_time_threads_03bfaee2_roll7_mean_153ec84f,0.0
w_pedo_running_step_min_41dc77bf,0.0
w_pedo_running_step_max_358a797f,0.0
m_usage_app_time_number_match_a949b2bb_roll7_mean_d355f424,0.0
w_pedo_running_step_median_5fd3976d,0.0
m_usage_app_time_microsoft_launcher_5c7f75a2_roll7_mean_fc384eaf,0.0
m_usage_app_time_merge_designer_decor_story_3e3f3adf_roll7_mean_528d323f,0.0
w_pedo_running_step_sum_5f399fa3,0.0
m_usage_app_time_gs_shop_b66307cb_roll7_mean_072c3911,0.0
w_pedo_speed_count_0472d547,0.0
w_pedo_walking_step_mean_9cc51919,0.0
w_pedo_walking_step_std_a872a37b,0.0
m_usage_usage_unique_apps_mean_roll7_mean_ae9a4ab6,0.0
m_ac_m_charging_median_roll7_mean_96fba66e,0.0
w_pedo_walking_step_max_f537a193,0.0
w_pedo_walking_step_median_7f650fb5,0.0
w_pedo_walking_step_sum_9cf7027d,0.0
w_pedo_distance_count_886fec45,0.0
w_pedo_distance_min_6d19fec1,0.0
w_pedo_distance_median_c80f91c9,0.0
w_pedo_walking_step_by_time_mean_afternoon_fcacce6a,0.0
m_light_m_light_min_roll7_mean_4af3e572,0.0
m_ambience_top_count_heart_sounds_heartbeat_93a1d3bd_roll3_mean_896fb1f5,0.0
w_pedo_walking_step_by_time_mean_morning_075efb4d,0.0
m_ambience_ambience_n_mean_roll3_mean_af4c7175,0.0
m_ambience_ambience_n_max_roll3_mean_a094ba0b,0.0
m_ambience_ambience_top_prob_max_roll3_mean_d08deed2,0.0
m_ambience_top_count_animal_161e7ce7_roll3_mean_e4f2c749,0.0
m_ambience_top_count_bicycle_78efcae6_roll3_mean_66bd6145,0.0
m_ambience_top_count_breathing_bd287902_roll3_mean_8a110c35,0.0
m_ambience_top_count_buzz_f285bec7_roll3_mean_e0dfd417,0.0
m_ambience_top_count_chime_6c7c8b16_roll3_mean_5373130f,0.0
m_ambience_top_count_chink_clink_aa1085a1_roll3_mean_258273c8,0.0
m_ambience_top_count_coin_dropping_999606d4_roll3_mean_5f7ec841,0.0
m_gps_m_gps_row_latitude_max_max_roll7_mean_ab98f0bf,0.0
m_ambience_top_count_cricket_a90edc84_roll3_mean_54584d5f,0.0
m_ambience_top_count_dishes_pots_and_pans_ba894fd4_roll3_mean_96815326,0.0
m_gps_m_gps_row_latitude_max_mean_roll7_mean_7d1a46f2,0.0
m_gps_m_gps_row_latitude_min_max_roll7_mean_7e2eebe4,0.0
m_gps_m_gps_row_latitude_min_min_roll7_mean_d3ef180b,0.0
m_ambience_top_count_explosion_8a36c0d6_roll3_mean_ddf7076b,0.0
m_gps_m_gps_row_latitude_min_mean_roll7_mean_8a45eea4,0.0
m_ambience_top_count_fire_bd2b7e5f_roll3_mean_e9204e28,0.0
m_ambience_top_count_fireworks_10721d3e_roll3_mean_ccb347ac,0.0
m_ambience_top_count_glass_aae44179_roll3_mean_d11d5136,0.0
m_gps_m_gps_row_latitude_std_mean_roll7_mean_6976d3a1,0.0
m_gps_m_gps_row_latitude_mean_min_roll7_mean_baf98273,0.0
m_gps_m_gps_row_longitude_min_mean_roll7_mean_0e70426c,0.0
m_activity_m_activity_median_roll3_mean_a3c8027e,0.0
m_gps_m_gps_row_longitude_max_mean_roll7_mean_51ba928f,0.0
m_gps_m_gps_row_speed_min_min_roll7_mean_45f3f65f,0.0
w_pedo_walking_step_by_time_mean_night_aa750b20,0.0
w_pedo_walking_step_by_time_sum_afternoon_35647102,0.0
w_pedo_walking_step_by_time_sum_evening_b029dc31,0.0
w_pedo_walking_step_by_time_sum_morning_0a9e11be,0.0
w_pedo_walking_step_by_time_sum_night_73822764,0.0
w_pedo_distance_by_time_mean_night_f0005c7d,0.0
w_pedo_distance_by_time_sum_night_639d00e9,0.0
w_pedo_speed_by_time_mean_evening_5a8d7e90,0.0
w_pedo_speed_by_time_mean_morning_c37ed113,0.0
w_pedo_speed_by_time_mean_night_7c582c3a,0.0
w_pedo_speed_by_time_sum_morning_53a6abc0,0.0
m_activity_m_activity_max_roll3_mean_f8e74594,0.0
m_gps_m_gps_row_speed_std_min_roll7_mean_841f315f,0.0
w_pedo_speed_by_time_sum_night_10a909c8,0.0
m_gps_m_gps_row_speed_std_mean_roll7_mean_7eda4980,0.0
w_pedo_burned_calories_by_time_sum_night_ae029422,0.0
m_ac_m_charging_mean_roll3_mean_4a6fcbdb,0.0
m_ac_m_charging_std_roll3_mean_d53009f2,0.0
m_ac_m_charging_min_roll3_mean_0517a1a6,0.0
m_ac_m_charging_max_roll3_mean_fe87542a,0.0
m_activity_m_activity_min_roll3_mean_ba8885ae,0.0
m_gps_m_gps_row_longitude_max_min_roll7_mean_1848c289,0.0
subject_id_id10_710961b2,0.0
